alert_id,alert_type,is_sar,tran_id,orig_acct,bene_acct,tx_type,base_amt,tran_timestamp
19,fan_in,True,224,10861,1554,DEPOSIT,223.36,2017-01-01T00:00:00Z
2,fan_in,True,423,29299,4044,WITHDRAWAL,297.1,2017-01-01T00:00:00Z
9,fan_in,True,477,15419,725,PAYMENT,533.94,2017-01-01T00:00:00Z
6,fan_in,True,1150,6523,2834,PAYMENT,733.79,2017-01-01T00:00:00Z
29,fan_in,True,2448,22533,244,TRANSFER,257.23,2017-01-01T00:00:00Z
30,fan_in,True,3358,44851,3826,PAYMENT,448.53,2017-01-01T00:00:00Z
46,fan_in,True,3991,40147,262,PAYMENT,648.15,2017-01-01T00:00:00Z
28,fan_in,True,5671,17596,2296,PAYMENT,542.47,2017-01-01T00:00:00Z
20,fan_in,True,5744,32509,11416,PAYMENT,662.84,2017-01-01T00:00:00Z
1,fan_in,True,7095,32075,409,PAYMENT,855.26,2017-01-01T00:00:00Z
17,fan_in,True,9478,9099,1145,TRANSFER,778.18,2017-01-01T00:00:00Z
10,fan_in,True,10305,407,3211,TRANSFER,448.99,2017-01-01T00:00:00Z
33,fan_in,True,10995,25635,2856,TRANSFER,804.99,2017-01-01T00:00:00Z
22,fan_in,True,12234,17806,300,WITHDRAWAL,341.16,2017-01-01T00:00:00Z
15,fan_in,True,12751,5452,11734,TRANSFER,196.56,2017-01-01T00:00:00Z
24,fan_in,True,13635,9511,561,WITHDRAWAL,609.61,2017-01-01T00:00:00Z
41,fan_in,True,14089,41343,1534,DEPOSIT,860.93,2017-01-01T00:00:00Z
25,fan_in,True,14435,37098,3581,TRANSFER,282.93,2017-01-01T00:00:00Z
7,fan_in,True,15333,18365,2978,WITHDRAWAL,592.94,2017-01-01T00:00:00Z
49,fan_out,True,15549,346,3235,TRANSFER,628.61,2017-01-01T00:00:00Z
91,fan_out,True,17195,2849,38440,TRANSFER,201.27,2017-01-01T00:00:00Z
35,fan_in,True,17288,7927,11343,TRANSFER,998.84,2017-01-01T00:00:00Z
36,fan_in,True,17844,17582,3558,TRANSFER,288.88,2017-01-01T00:00:00Z
66,fan_out,True,18881,1344,13603,PAYMENT,769.03,2017-01-01T00:00:00Z
106,cycle,True,19602,4573,45292,TRANSFER,768.89,2017-01-01T00:00:00Z
106,cycle,True,19603,35200,49338,TRANSFER,207.46,2017-01-01T00:00:00Z
106,cycle,True,19604,49338,32368,WITHDRAWAL,741.12,2017-01-01T00:00:00Z
13,fan_in,True,19629,39104,782,DEBIT,584.38,2017-01-01T00:00:00Z
3,fan_in,True,20771,46504,4562,PAYMENT,867.81,2017-01-01T00:00:00Z
32,fan_in,True,20846,9138,4136,DEPOSIT,609.37,2017-01-01T00:00:00Z
43,fan_in,True,21877,3238,3892,PAYMENT,587.95,2017-01-01T00:00:00Z
0,fan_in,True,24029,7410,2130,TRANSFER,333.15,2017-01-01T00:00:00Z
27,fan_in,True,24199,45728,2670,PAYMENT,504.98,2017-01-01T00:00:00Z
40,fan_in,True,24602,19114,11544,DEBIT,793.53,2017-01-01T00:00:00Z
39,fan_in,True,24746,48090,11399,TRANSFER,432.6,2017-01-01T00:00:00Z
8,fan_in,True,25041,34573,11338,TRANSFER,722.12,2017-01-01T00:00:00Z
42,fan_in,True,27375,42643,669,DEPOSIT,661.58,2017-01-01T00:00:00Z
12,fan_in,True,27433,25508,4121,WITHDRAWAL,474.78,2017-01-01T00:00:00Z
21,fan_in,True,28229,35733,1555,CREDIT,131.23,2017-01-01T00:00:00Z
44,fan_in,True,29415,44226,3948,TRANSFER,110.84,2017-01-01T00:00:00Z
5,fan_in,True,30802,14669,1499,TRANSFER,403.54,2017-01-02T00:00:00Z
47,fan_in,True,32111,545,11645,TRANSFER,162.26,2017-01-02T00:00:00Z
11,fan_in,True,43697,29623,3593,TRANSFER,774.23,2017-01-02T00:00:00Z
26,fan_in,True,43747,39712,467,DEPOSIT,578.49,2017-01-02T00:00:00Z
4,fan_in,True,46807,27411,11270,TRANSFER,815.75,2017-01-02T00:00:00Z
38,fan_in,True,54380,29089,11542,TRANSFER,851.88,2017-01-02T00:00:00Z
16,fan_in,True,56232,10632,11934,DEPOSIT,563.18,2017-01-02T00:00:00Z
45,fan_in,True,56472,42550,250,PAYMENT,563.15,2017-01-02T00:00:00Z
18,fan_in,True,56766,38848,634,TRANSFER,839.87,2017-01-02T00:00:00Z
23,fan_in,True,59248,8388,1083,TRANSFER,654.02,2017-01-02T00:00:00Z
31,fan_in,True,60541,31668,4615,CREDIT,566.25,2017-01-02T00:00:00Z
29,fan_in,True,61792,43147,244,TRANSFER,250.91,2017-01-03T00:00:00Z
14,fan_in,True,78785,36661,3210,PAYMENT,118.19,2017-01-03T00:00:00Z
34,fan_in,True,81384,17295,12084,TRANSFER,399.48,2017-01-03T00:00:00Z
37,fan_in,True,86148,8397,2689,DEPOSIT,241.35,2017-01-03T00:00:00Z
81,fan_out,True,87263,3772,13456,DEPOSIT,156.67,2017-01-03T00:00:00Z
106,cycle,True,98884,22782,4573,TRANSFER,445.0,2017-01-04T00:00:00Z
9,fan_in,True,100125,26494,725,TRANSFER,788.2,2017-01-04T00:00:00Z
95,fan_out,True,125535,612,26843,TRANSFER,482.05,2017-01-05T00:00:00Z
106,cycle,True,144208,45292,35200,DEPOSIT,958.06,2017-01-05T00:00:00Z
106,cycle,True,144209,32368,22782,DEPOSIT,223.08,2017-01-05T00:00:00Z
29,fan_in,True,147586,31822,244,DEBIT,565.89,2017-01-05T00:00:00Z
79,fan_out,True,149691,1739,48408,PAYMENT,333.02,2017-01-05T00:00:00Z
22,fan_in,True,197172,49571,300,DEPOSIT,417.76,2017-01-07T00:00:00Z
81,fan_out,True,205600,3772,25247,TRANSFER,265.55,2017-01-07T00:00:00Z
29,fan_in,True,207285,20176,244,PAYMENT,761.64,2017-01-07T00:00:00Z
91,fan_out,True,209435,2849,18122,WITHDRAWAL,806.08,2017-01-07T00:00:00Z
9,fan_in,True,213362,9254,725,DEPOSIT,356.47,2017-01-07T00:00:00Z
30,fan_in,True,239033,16131,3826,TRANSFER,960.92,2017-01-08T00:00:00Z
29,fan_in,True,274845,10246,244,TRANSFER,859.77,2017-01-09T00:00:00Z
68,fan_out,True,278064,276,16125,TRANSFER,847.68,2017-01-10T00:00:00Z
9,fan_in,True,282354,31199,725,TRANSFER,901.38,2017-01-10T00:00:00Z
91,fan_out,True,305173,2849,8379,TRANSFER,936.86,2017-01-10T00:00:00Z
68,fan_out,True,311209,276,14245,WITHDRAWAL,387.18,2017-01-11T00:00:00Z
93,fan_out,True,311424,12004,5104,TRANSFER,789.39,2017-01-11T00:00:00Z
91,fan_out,True,315392,2849,35708,DEPOSIT,225.37,2017-01-11T00:00:00Z
79,fan_out,True,315415,1739,24462,DEPOSIT,610.04,2017-01-11T00:00:00Z
29,fan_in,True,327030,30503,244,DEPOSIT,457.28,2017-01-11T00:00:00Z
77,fan_out,True,336150,3704,36745,TRANSFER,151.02,2017-01-11T00:00:00Z
10,fan_in,True,343202,14651,3211,TRANSFER,663.09,2017-01-12T00:00:00Z
18,fan_in,True,347560,34523,634,TRANSFER,319.08,2017-01-12T00:00:00Z
50,fan_out,True,351561,4081,27866,DEBIT,992.8,2017-01-12T00:00:00Z
59,fan_out,True,371302,3318,31222,WITHDRAWAL,146.92,2017-01-13T00:00:00Z
22,fan_in,True,378826,15770,300,PAYMENT,275.62,2017-01-13T00:00:00Z
79,fan_out,True,381019,1739,40429,CREDIT,295.53,2017-01-13T00:00:00Z
29,fan_in,True,385129,47725,244,TRANSFER,793.96,2017-01-13T00:00:00Z
20,fan_in,True,386017,30886,11416,DEBIT,598.14,2017-01-13T00:00:00Z
9,fan_in,True,387285,2813,725,WITHDRAWAL,481.05,2017-01-13T00:00:00Z
50,fan_out,True,390872,4081,45470,WITHDRAWAL,912.12,2017-01-13T00:00:00Z
13,fan_in,True,391518,49106,782,PAYMENT,535.93,2017-01-13T00:00:00Z
71,fan_out,True,415940,1509,24881,TRANSFER,579.71,2017-01-14T00:00:00Z
94,fan_out,True,427810,3112,8410,PAYMENT,192.79,2017-01-14T00:00:00Z
91,fan_out,True,432832,2849,43002,TRANSFER,407.61,2017-01-15T00:00:00Z
30,fan_in,True,435051,33103,3826,TRANSFER,107.18,2017-01-15T00:00:00Z
32,fan_in,True,443570,16452,4136,TRANSFER,666.56,2017-01-15T00:00:00Z
76,fan_out,True,446036,2418,23063,DEPOSIT,732.46,2017-01-15T00:00:00Z
29,fan_in,True,452968,29113,244,PAYMENT,619.77,2017-01-15T00:00:00Z
93,fan_out,True,457755,12004,30808,DEBIT,741.31,2017-01-15T00:00:00Z
94,fan_out,True,472212,3112,1727,PAYMENT,858.93,2017-01-16T00:00:00Z
9,fan_in,True,480526,8724,725,CREDIT,650.1,2017-01-16T00:00:00Z
59,fan_out,True,489785,3318,22910,TRANSFER,799.58,2017-01-17T00:00:00Z
29,fan_in,True,498579,46160,244,DEBIT,269.14,2017-01-17T00:00:00Z
94,fan_out,True,506232,3112,41558,WITHDRAWAL,586.65,2017-01-17T00:00:00Z
42,fan_in,True,509915,40870,669,WITHDRAWAL,754.49,2017-01-17T00:00:00Z
94,fan_out,True,528459,3112,39376,TRANSFER,827.74,2017-01-18T00:00:00Z
16,fan_in,True,531689,13535,11934,DEPOSIT,359.27,2017-01-18T00:00:00Z
23,fan_in,True,555930,23056,1083,TRANSFER,256.45,2017-01-19T00:00:00Z
22,fan_in,True,556523,8483,300,DEPOSIT,520.45,2017-01-19T00:00:00Z
81,fan_out,True,559622,3772,25917,TRANSFER,329.71,2017-01-19T00:00:00Z
9,fan_in,True,571891,43175,725,PAYMENT,150.0,2017-01-19T00:00:00Z
94,fan_out,True,580720,3112,36433,DEPOSIT,145.45,2017-01-19T00:00:00Z
51,fan_out,True,614551,1142,19611,PAYMENT,379.86,2017-01-21T00:00:00Z
39,fan_in,True,620680,26124,11399,WITHDRAWAL,626.53,2017-01-21T00:00:00Z
91,fan_out,True,625749,2849,6739,TRANSFER,746.47,2017-01-21T00:00:00Z
18,fan_in,True,647105,10081,634,TRANSFER,362.38,2017-01-22T00:00:00Z
30,fan_in,True,647267,31079,3826,DEPOSIT,371.12,2017-01-22T00:00:00Z
9,fan_in,True,669111,38351,725,DEBIT,125.09,2017-01-22T00:00:00Z
91,fan_out,True,670019,2849,23272,CREDIT,497.23,2017-01-22T00:00:00Z
91,fan_out,True,670020,2849,28932,PAYMENT,497.23,2017-01-22T00:00:00Z
10,fan_in,True,700827,34446,3211,DEPOSIT,943.79,2017-01-23T00:00:00Z
79,fan_out,True,729045,1739,45358,PAYMENT,248.36,2017-01-24T00:00:00Z
20,fan_in,True,736188,44993,11416,TRANSFER,378.88,2017-01-25T00:00:00Z
22,fan_in,True,741331,47428,300,TRANSFER,334.59,2017-01-25T00:00:00Z
71,fan_out,True,745007,1509,36120,DEPOSIT,666.21,2017-01-25T00:00:00Z
70,fan_out,True,750496,1329,48588,TRANSFER,524.31,2017-01-25T00:00:00Z
74,fan_out,True,751201,659,1372,TRANSFER,937.3,2017-01-25T00:00:00Z
13,fan_in,True,761166,25443,782,WITHDRAWAL,913.67,2017-01-25T00:00:00Z
50,fan_out,True,804967,4081,22654,PAYMENT,875.24,2017-01-27T00:00:00Z
80,fan_out,True,846530,34,27598,TRANSFER,863.22,2017-01-28T00:00:00Z
32,fan_in,True,861540,26792,4136,DEPOSIT,180.36,2017-01-29T00:00:00Z
87,fan_out,True,878228,1551,4303,DEPOSIT,259.71,2017-01-29T00:00:00Z
30,fan_in,True,885877,5077,3826,TRANSFER,893.97,2017-01-29T00:00:00Z
8,fan_in,True,887888,979,11338,DEBIT,141.33,2017-01-30T00:00:00Z
4,fan_in,True,899947,32662,11270,TRANSFER,453.52,2017-01-30T00:00:00Z
22,fan_in,True,926327,27161,300,PAYMENT,826.46,2017-01-31T00:00:00Z
74,fan_out,True,931152,659,13437,PAYMENT,402.49,2017-01-31T00:00:00Z
33,fan_in,True,940103,10303,2856,PAYMENT,996.66,2017-01-31T00:00:00Z
18,fan_in,True,960738,25252,634,WITHDRAWAL,556.87,2017-02-01T00:00:00Z
1,fan_in,True,968736,20587,409,TRANSFER,817.07,2017-02-01T00:00:00Z
94,fan_out,True,973569,3112,3829,TRANSFER,330.86,2017-02-01T00:00:00Z
61,fan_out,True,988297,3025,47010,WITHDRAWAL,757.57,2017-02-02T00:00:00Z
42,fan_in,True,1002343,28165,669,PAYMENT,338.12,2017-02-02T00:00:00Z
16,fan_in,True,1024744,30784,11934,DEPOSIT,574.48,2017-02-03T00:00:00Z
10,fan_in,True,1025703,1570,3211,DEPOSIT,893.12,2017-02-03T00:00:00Z
80,fan_out,True,1046408,34,10407,DEPOSIT,967.61,2017-02-04T00:00:00Z
80,fan_out,True,1046409,34,37404,DEBIT,967.61,2017-02-04T00:00:00Z
23,fan_in,True,1068765,21828,1083,TRANSFER,744.4,2017-02-05T00:00:00Z
80,fan_out,True,1075588,34,5083,TRANSFER,270.72,2017-02-05T00:00:00Z
26,fan_in,True,1077517,13554,467,TRANSFER,632.97,2017-02-05T00:00:00Z
30,fan_in,True,1080774,38221,3826,WITHDRAWAL,280.19,2017-02-05T00:00:00Z
122,cycle,True,1094574,1775,38465,WITHDRAWAL,939.93,2017-02-05T00:00:00Z
13,fan_in,True,1106238,6194,782,DEBIT,906.94,2017-02-06T00:00:00Z
20,fan_in,True,1120470,21578,11416,DEBIT,502.91,2017-02-06T00:00:00Z
22,fan_in,True,1123643,33292,300,DEBIT,881.6,2017-02-06T00:00:00Z
24,fan_in,True,1123973,40684,561,DEPOSIT,715.08,2017-02-06T00:00:00Z
93,fan_out,True,1147435,12004,33736,TRANSFER,757.23,2017-02-07T00:00:00Z
79,fan_out,True,1148474,1739,49390,TRANSFER,717.76,2017-02-07T00:00:00Z
79,fan_out,True,1197592,1739,14472,DEPOSIT,190.6,2017-02-09T00:00:00Z
79,fan_out,True,1197593,1739,38119,PAYMENT,190.6,2017-02-09T00:00:00Z
21,fan_in,True,1215999,36964,1555,TRANSFER,624.47,2017-02-10T00:00:00Z
122,cycle,True,1222832,7011,1268,WITHDRAWAL,679.99,2017-02-10T00:00:00Z
66,fan_out,True,1228141,1344,12511,TRANSFER,130.7,2017-02-10T00:00:00Z
39,fan_in,True,1231728,6179,11399,TRANSFER,483.69,2017-02-10T00:00:00Z
122,cycle,True,1234771,19465,41627,PAYMENT,895.98,2017-02-11T00:00:00Z
18,fan_in,True,1255703,35116,634,TRANSFER,286.71,2017-02-11T00:00:00Z
32,fan_in,True,1266537,38933,4136,PAYMENT,945.11,2017-02-12T00:00:00Z
27,fan_in,True,1268931,23203,2670,DEPOSIT,921.03,2017-02-12T00:00:00Z
70,fan_out,True,1269609,1329,1738,CREDIT,789.93,2017-02-12T00:00:00Z
30,fan_in,True,1277066,2487,3826,PAYMENT,765.55,2017-02-12T00:00:00Z
122,cycle,True,1281023,1268,6078,TRANSFER,982.3,2017-02-12T00:00:00Z
22,fan_in,True,1283176,14638,300,DEBIT,626.91,2017-02-12T00:00:00Z
10,fan_in,True,1319770,44775,3211,WITHDRAWAL,384.57,2017-02-14T00:00:00Z
82,fan_out,True,1330325,962,20986,TRANSFER,731.0,2017-02-14T00:00:00Z
128,cycle,True,1330411,11568,34103,CREDIT,446.24,2017-02-14T00:00:00Z
122,cycle,True,1346546,34945,42111,TRANSFER,914.08,2017-02-15T00:00:00Z
128,cycle,True,1357205,28716,11568,CREDIT,206.94,2017-02-15T00:00:00Z
128,cycle,True,1367645,9007,17541,PAYMENT,846.08,2017-02-16T00:00:00Z
122,cycle,True,1372052,41627,34945,TRANSFER,454.83,2017-02-16T00:00:00Z
122,cycle,True,1372053,6078,1775,WITHDRAWAL,501.01,2017-02-16T00:00:00Z
94,fan_out,True,1375419,3112,48032,PAYMENT,609.58,2017-02-16T00:00:00Z
53,fan_out,True,1376196,3386,13388,TRANSFER,175.16,2017-02-16T00:00:00Z
93,fan_out,True,1380940,12004,43888,TRANSFER,880.77,2017-02-16T00:00:00Z
89,fan_out,True,1387244,3224,2520,WITHDRAWAL,887.59,2017-02-16T00:00:00Z
83,fan_out,True,1407249,4506,6715,PAYMENT,664.38,2017-02-17T00:00:00Z
13,fan_in,True,1419042,1433,782,WITHDRAWAL,684.65,2017-02-18T00:00:00Z
20,fan_in,True,1424018,5542,11416,TRANSFER,373.83,2017-02-18T00:00:00Z
42,fan_in,True,1426002,18615,669,PAYMENT,592.62,2017-02-18T00:00:00Z
22,fan_in,True,1427238,43694,300,TRANSFER,464.27,2017-02-18T00:00:00Z
92,fan_out,True,1431596,723,28331,CREDIT,697.76,2017-02-18T00:00:00Z
16,fan_in,True,1439559,49645,11934,TRANSFER,639.85,2017-02-19T00:00:00Z
5,fan_in,True,1441644,41593,1499,PAYMENT,800.37,2017-02-19T00:00:00Z
63,fan_out,True,1445427,428,33402,TRANSFER,788.4,2017-02-19T00:00:00Z
122,cycle,True,1446766,42111,7011,WITHDRAWAL,816.82,2017-02-19T00:00:00Z
93,fan_out,True,1455575,12004,6259,TRANSFER,577.92,2017-02-19T00:00:00Z
49,fan_out,True,1457511,346,29138,TRANSFER,720.78,2017-02-19T00:00:00Z
51,fan_out,True,1459042,1142,13484,TRANSFER,343.72,2017-02-20T00:00:00Z
36,fan_in,True,1482112,3257,3558,TRANSFER,275.85,2017-02-21T00:00:00Z
92,fan_out,True,1482583,723,21231,PAYMENT,214.46,2017-02-21T00:00:00Z
128,cycle,True,1496026,33964,6268,PAYMENT,209.1,2017-02-21T00:00:00Z
122,cycle,True,1496059,38465,19465,WITHDRAWAL,164.08,2017-02-21T00:00:00Z
18,fan_in,True,1498545,8582,634,TRANSFER,396.6,2017-02-21T00:00:00Z
80,fan_out,True,1509897,34,43707,TRANSFER,323.73,2017-02-22T00:00:00Z
81,fan_out,True,1509920,3772,15645,DEPOSIT,466.65,2017-02-22T00:00:00Z
128,cycle,True,1510045,6268,9007,TRANSFER,734.46,2017-02-22T00:00:00Z
128,cycle,True,1510046,17541,32242,DEBIT,744.13,2017-02-22T00:00:00Z
23,fan_in,True,1513084,3635,1083,TRANSFER,309.94,2017-02-22T00:00:00Z
17,fan_in,True,1517095,43487,1145,TRANSFER,981.61,2017-02-22T00:00:00Z
94,fan_out,True,1517598,3112,37897,WITHDRAWAL,152.39,2017-02-22T00:00:00Z
71,fan_out,True,1529747,1509,17169,TRANSFER,424.28,2017-02-23T00:00:00Z
128,cycle,True,1531616,32242,28716,WITHDRAWAL,119.3,2017-02-23T00:00:00Z
128,cycle,True,1554093,34103,33964,CREDIT,545.73,2017-02-24T00:00:00Z
55,fan_out,True,1561570,11772,4701,TRANSFER,117.29,2017-02-24T00:00:00Z
10,fan_in,True,1587917,6745,3211,DEBIT,896.84,2017-02-25T00:00:00Z
61,fan_out,True,1600092,3025,46550,DEBIT,961.95,2017-02-26T00:00:00Z
32,fan_in,True,1609069,44268,4136,TRANSFER,852.63,2017-02-26T00:00:00Z
4,fan_in,True,1619254,40381,11270,DEPOSIT,215.6,2017-02-27T00:00:00Z
90,fan_out,True,1624099,597,30618,TRANSFER,477.58,2017-02-27T00:00:00Z
88,fan_out,True,1631307,4320,37591,WITHDRAWAL,472.56,2017-02-27T00:00:00Z
8,fan_in,True,1639916,7652,11338,WITHDRAWAL,422.71,2017-02-28T00:00:00Z
13,fan_in,True,1674393,35946,782,PAYMENT,279.28,2017-03-02T00:00:00Z
20,fan_in,True,1677757,42654,11416,TRANSFER,184.71,2017-03-02T00:00:00Z
93,fan_out,True,1680262,12004,46618,TRANSFER,658.02,2017-03-02T00:00:00Z
39,fan_in,True,1683849,13856,11399,PAYMENT,413.85,2017-03-02T00:00:00Z
33,fan_in,True,1686185,26437,2856,PAYMENT,868.57,2017-03-02T00:00:00Z
6,fan_in,True,1688286,17270,2834,TRANSFER,526.3,2017-03-02T00:00:00Z
1,fan_in,True,1709985,39883,409,TRANSFER,447.28,2017-03-04T00:00:00Z
80,fan_out,True,1724294,34,37803,TRANSFER,988.28,2017-03-04T00:00:00Z
0,fan_in,True,1737341,12683,2130,DEPOSIT,998.28,2017-03-05T00:00:00Z
76,fan_out,True,1743605,2418,40384,DEPOSIT,639.57,2017-03-05T00:00:00Z
38,fan_in,True,1752159,4982,11542,PAYMENT,730.8,2017-03-06T00:00:00Z
72,fan_out,True,1752503,199,8448,PAYMENT,969.28,2017-03-06T00:00:00Z
42,fan_in,True,1754271,6807,669,TRANSFER,768.61,2017-03-06T00:00:00Z
16,fan_in,True,1770650,24695,11934,PAYMENT,750.64,2017-03-07T00:00:00Z
68,fan_out,True,1791898,276,8965,TRANSFER,834.87,2017-03-08T00:00:00Z
37,fan_in,True,1831492,35600,2689,TRANSFER,384.35,2017-03-10T00:00:00Z
80,fan_out,True,1833008,34,7400,TRANSFER,649.33,2017-03-10T00:00:00Z
56,fan_out,True,1838963,1715,24578,DEPOSIT,133.35,2017-03-11T00:00:00Z
71,fan_out,True,1845122,1509,24873,WITHDRAWAL,855.03,2017-03-11T00:00:00Z
81,fan_out,True,1849272,3772,36883,TRANSFER,936.62,2017-03-11T00:00:00Z
76,fan_out,True,1851038,2418,21825,TRANSFER,560.2,2017-03-11T00:00:00Z
23,fan_in,True,1855868,33280,1083,DEPOSIT,677.13,2017-03-11T00:00:00Z
59,fan_out,True,1856466,3318,36415,WITHDRAWAL,578.72,2017-03-11T00:00:00Z
57,fan_out,True,1862628,730,25822,TRANSFER,219.17,2017-03-12T00:00:00Z
32,fan_in,True,1862931,38979,4136,TRANSFER,645.22,2017-03-12T00:00:00Z
15,fan_in,True,1879998,33575,11734,PAYMENT,163.04,2017-03-13T00:00:00Z
24,fan_in,True,1896934,28223,561,TRANSFER,275.34,2017-03-14T00:00:00Z
20,fan_in,True,1897213,8872,11416,PAYMENT,667.24,2017-03-14T00:00:00Z
70,fan_out,True,1904353,1329,3648,WITHDRAWAL,446.21,2017-03-14T00:00:00Z
13,fan_in,True,1906445,27543,782,DEPOSIT,918.77,2017-03-14T00:00:00Z
25,fan_in,True,1912993,19897,3581,WITHDRAWAL,111.25,2017-03-15T00:00:00Z
66,fan_out,True,1930164,1344,32901,WITHDRAWAL,264.06,2017-03-15T00:00:00Z
80,fan_out,True,1982652,34,9587,PAYMENT,717.98,2017-03-18T00:00:00Z
50,fan_out,True,1982717,4081,3100,DEPOSIT,585.17,2017-03-18T00:00:00Z
49,fan_out,True,1984491,346,5667,DEPOSIT,958.46,2017-03-18T00:00:00Z
19,fan_in,True,2002650,36563,1554,PAYMENT,287.86,2017-03-19T00:00:00Z
66,fan_out,True,2007728,1344,23173,WITHDRAWAL,197.73,2017-03-20T00:00:00Z
92,fan_out,True,2042390,723,9956,PAYMENT,702.6,2017-03-22T00:00:00Z
21,fan_in,True,2047886,41144,1555,DEBIT,121.4,2017-03-22T00:00:00Z
39,fan_in,True,2056867,1644,11399,WITHDRAWAL,824.67,2017-03-22T00:00:00Z
16,fan_in,True,2073372,28413,11934,TRANSFER,977.45,2017-03-23T00:00:00Z
47,fan_in,True,2074093,23547,11645,TRANSFER,575.53,2017-03-23T00:00:00Z
93,fan_out,True,2076771,12004,36311,CREDIT,554.62,2017-03-24T00:00:00Z
71,fan_out,True,2081380,1509,20642,TRANSFER,136.0,2017-03-24T00:00:00Z
83,fan_out,True,2088083,4506,10480,DEPOSIT,822.62,2017-03-24T00:00:00Z
45,fan_in,True,2097479,39072,250,TRANSFER,446.54,2017-03-25T00:00:00Z
74,fan_out,True,2104310,659,1891,PAYMENT,343.06,2017-03-25T00:00:00Z
93,fan_out,True,2104474,12004,10541,PAYMENT,311.78,2017-03-25T00:00:00Z
65,fan_out,True,2121871,1567,45394,WITHDRAWAL,763.9,2017-03-26T00:00:00Z
27,fan_in,True,2123705,2710,2670,TRANSFER,495.52,2017-03-26T00:00:00Z
32,fan_in,True,2125719,12766,4136,DEBIT,731.5,2017-03-26T00:00:00Z
57,fan_out,True,2140084,730,39455,TRANSFER,195.69,2017-03-27T00:00:00Z
4,fan_in,True,2143133,13628,11270,PAYMENT,449.23,2017-03-27T00:00:00Z
23,fan_in,True,2151521,6171,1083,TRANSFER,361.85,2017-03-28T00:00:00Z
59,fan_out,True,2163646,3318,44555,TRANSFER,488.97,2017-03-28T00:00:00Z
8,fan_in,True,2177983,2071,11338,TRANSFER,563.94,2017-03-29T00:00:00Z
40,fan_in,True,2190796,28338,11544,DEPOSIT,679.46,2017-03-30T00:00:00Z
33,fan_in,True,2233166,41743,2856,PAYMENT,589.4,2017-04-01T00:00:00Z
62,fan_out,True,2257730,608,44799,TRANSFER,558.11,2017-04-03T00:00:00Z
43,fan_in,True,2267464,18417,3892,TRANSFER,791.21,2017-04-03T00:00:00Z
72,fan_out,True,2295665,199,27212,TRANSFER,136.03,2017-04-05T00:00:00Z
35,fan_in,True,2297683,41848,11343,TRANSFER,854.3,2017-04-05T00:00:00Z
53,fan_out,True,2309004,3386,34199,PAYMENT,865.81,2017-04-06T00:00:00Z
61,fan_out,True,2328347,3025,44231,CREDIT,429.72,2017-04-07T00:00:00Z
42,fan_in,True,2331450,20417,669,TRANSFER,250.68,2017-04-07T00:00:00Z
65,fan_out,True,2336724,1567,16479,TRANSFER,977.09,2017-04-07T00:00:00Z
57,fan_out,True,2355659,730,38796,CREDIT,346.66,2017-04-08T00:00:00Z
32,fan_in,True,2373036,39023,4136,WITHDRAWAL,789.76,2017-04-09T00:00:00Z
61,fan_out,True,2373916,3025,38050,TRANSFER,911.05,2017-04-09T00:00:00Z
48,fan_out,True,2412332,3735,25614,TRANSFER,349.41,2017-04-12T00:00:00Z
66,fan_out,True,2427798,1344,3451,TRANSFER,298.88,2017-04-12T00:00:00Z
7,fan_in,True,2433903,41215,2978,WITHDRAWAL,397.17,2017-04-13T00:00:00Z
26,fan_in,True,2445685,9485,467,TRANSFER,919.76,2017-04-14T00:00:00Z
23,fan_in,True,2446820,22055,1083,DEPOSIT,164.19,2017-04-14T00:00:00Z
14,fan_in,True,2475852,136,3210,PAYMENT,429.5,2017-04-15T00:00:00Z
68,fan_out,True,2508277,276,15222,TRANSFER,427.99,2017-04-17T00:00:00Z
3,fan_in,True,2519094,16564,4562,TRANSFER,770.24,2017-04-18T00:00:00Z
24,fan_in,True,2532774,37912,561,PAYMENT,968.65,2017-04-19T00:00:00Z
95,fan_out,True,2556952,612,14489,TRANSFER,537.35,2017-04-20T00:00:00Z
44,fan_in,True,2562870,29869,3948,TRANSFER,692.57,2017-04-21T00:00:00Z
2,fan_in,True,2563675,4265,4044,CREDIT,639.42,2017-04-21T00:00:00Z
78,fan_out,True,2567482,11289,25250,DEBIT,366.68,2017-04-21T00:00:00Z
49,fan_out,True,2569109,346,22648,PAYMENT,563.44,2017-04-21T00:00:00Z
93,fan_out,True,2591993,12004,6148,DEBIT,158.16,2017-04-22T00:00:00Z
28,fan_in,True,2592506,29179,2296,TRANSFER,609.59,2017-04-22T00:00:00Z
12,fan_in,True,2602904,26685,4121,TRANSFER,775.19,2017-04-23T00:00:00Z
83,fan_out,True,2620249,4506,7045,WITHDRAWAL,127.35,2017-04-24T00:00:00Z
63,fan_out,True,2621482,428,2701,TRANSFER,306.95,2017-04-24T00:00:00Z
4,fan_in,True,2621726,18952,11270,PAYMENT,336.65,2017-04-24T00:00:00Z
88,fan_out,True,2625221,4320,35069,TRANSFER,365.06,2017-04-25T00:00:00Z
52,fan_out,True,2645137,1487,29266,CREDIT,511.32,2017-04-26T00:00:00Z
63,fan_out,True,2652251,428,50006,DEBIT,149.36,2017-04-26T00:00:00Z
8,fan_in,True,2667431,27909,11338,DEPOSIT,661.07,2017-04-27T00:00:00Z
57,fan_out,True,2698702,730,17869,TRANSFER,676.97,2017-04-29T00:00:00Z
73,fan_out,True,2714817,11248,26952,PAYMENT,774.41,2017-04-30T00:00:00Z
6,fan_in,True,2719031,12514,2834,TRANSFER,920.39,2017-05-01T00:00:00Z
21,fan_in,True,2724982,23006,1555,WITHDRAWAL,851.03,2017-05-01T00:00:00Z
33,fan_in,True,2725949,33596,2856,TRANSFER,328.78,2017-05-01T00:00:00Z
56,fan_out,True,2735909,1715,40179,PAYMENT,260.43,2017-05-02T00:00:00Z
64,fan_out,True,2759006,951,13215,PAYMENT,671.36,2017-05-03T00:00:00Z
82,fan_out,True,2760258,962,20919,PAYMENT,850.96,2017-05-03T00:00:00Z
55,fan_out,True,2765557,11772,26299,PAYMENT,536.69,2017-05-04T00:00:00Z
1,fan_in,True,2777389,3171,409,PAYMENT,352.03,2017-05-05T00:00:00Z
74,fan_out,True,2793075,659,5606,WITHDRAWAL,391.49,2017-05-06T00:00:00Z
0,fan_in,True,2806503,42829,2130,TRANSFER,948.08,2017-05-07T00:00:00Z
11,fan_in,True,2812209,17497,3593,TRANSFER,610.97,2017-05-07T00:00:00Z
27,fan_in,True,2819676,47180,2670,DEPOSIT,274.17,2017-05-07T00:00:00Z
58,fan_out,True,2820908,3555,25271,PAYMENT,279.59,2017-05-08T00:00:00Z
127,cycle,True,2822325,2464,4720,TRANSFER,439.95,2017-05-08T00:00:00Z
127,cycle,True,2822326,10515,11962,DEPOSIT,995.35,2017-05-08T00:00:00Z
71,fan_out,True,2828642,1509,49395,TRANSFER,727.8,2017-05-08T00:00:00Z
38,fan_in,True,2830133,19723,11542,TRANSFER,822.72,2017-05-08T00:00:00Z
95,fan_out,True,2840201,612,15131,PAYMENT,404.25,2017-05-09T00:00:00Z
127,cycle,True,2845582,636,20298,TRANSFER,802.39,2017-05-09T00:00:00Z
127,cycle,True,2845583,20298,10515,TRANSFER,297.08,2017-05-09T00:00:00Z
56,fan_out,True,2860523,1715,33444,TRANSFER,739.7,2017-05-10T00:00:00Z
83,fan_out,True,2874578,4506,17770,DEPOSIT,705.25,2017-05-11T00:00:00Z
85,fan_out,True,2878573,11626,27370,PAYMENT,587.92,2017-05-12T00:00:00Z
127,cycle,True,2879826,4720,636,TRANSFER,988.53,2017-05-12T00:00:00Z
127,cycle,True,2879827,11962,2464,TRANSFER,256.47,2017-05-12T00:00:00Z
60,fan_out,True,2886454,4281,24630,TRANSFER,114.26,2017-05-12T00:00:00Z
84,fan_out,True,2889860,1218,2,CREDIT,696.33,2017-05-12T00:00:00Z
77,fan_out,True,2892354,3704,36142,DEPOSIT,49.21,2017-05-13T00:00:00Z
67,fan_out,True,2917393,3806,42810,PAYMENT,775.46,2017-05-14T00:00:00Z
37,fan_in,True,2927249,36597,2689,TRANSFER,362.66,2017-05-15T00:00:00Z
48,fan_out,True,2940725,3735,30407,PAYMENT,801.49,2017-05-16T00:00:00Z
49,fan_out,True,2991278,346,15806,PAYMENT,953.35,2017-05-20T00:00:00Z
87,fan_out,True,2992624,1551,25968,TRANSFER,716.65,2017-05-20T00:00:00Z
46,fan_in,True,2997627,46661,262,PAYMENT,980.53,2017-05-20T00:00:00Z
58,fan_out,True,3022993,3555,31075,PAYMENT,398.56,2017-05-22T00:00:00Z
55,fan_out,True,3023593,11772,41765,WITHDRAWAL,666.25,2017-05-22T00:00:00Z
69,fan_out,True,3027634,4169,17272,DEPOSIT,373.73,2017-05-23T00:00:00Z
74,fan_out,True,3027946,659,15278,TRANSFER,594.18,2017-05-23T00:00:00Z
15,fan_in,True,3033561,45288,11734,WITHDRAWAL,424.16,2017-05-23T00:00:00Z
66,fan_out,True,3039143,1344,38270,PAYMENT,588.68,2017-05-24T00:00:00Z
58,fan_out,True,3051258,3555,47295,DEBIT,206.65,2017-05-25T00:00:00Z
66,fan_out,True,3053672,1344,22058,PAYMENT,402.62,2017-05-25T00:00:00Z
24,fan_in,True,3060046,42813,561,TRANSFER,704.0,2017-05-25T00:00:00Z
8,fan_in,True,3068407,43617,11338,PAYMENT,744.32,2017-05-26T00:00:00Z
5,fan_in,True,3068875,24005,1499,CREDIT,339.22,2017-05-26T00:00:00Z
52,fan_out,True,3071960,1487,44780,DEPOSIT,973.92,2017-05-26T00:00:00Z
25,fan_in,True,3085778,41504,3581,TRANSFER,314.89,2017-05-27T00:00:00Z
121,cycle,True,3092189,456,33395,TRANSFER,149.04,2017-05-28T00:00:00Z
74,fan_out,True,3104918,659,534,PAYMENT,445.4,2017-05-29T00:00:00Z
54,fan_out,True,3119602,11349,39171,WITHDRAWAL,329.55,2017-05-30T00:00:00Z
33,fan_in,True,3132328,33494,2856,DEPOSIT,997.25,2017-05-31T00:00:00Z
55,fan_out,True,3135482,11772,42258,WITHDRAWAL,683.07,2017-05-31T00:00:00Z
89,fan_out,True,3140157,3224,13000,TRANSFER,12.38,2017-06-01T00:00:00Z
121,cycle,True,3142300,7511,49516,TRANSFER,836.8,2017-06-01T00:00:00Z
121,cycle,True,3158504,40406,36599,TRANSFER,286.09,2017-06-02T00:00:00Z
83,fan_out,True,3159817,4506,34170,PAYMENT,188.8,2017-06-02T00:00:00Z
36,fan_in,True,3171535,9186,3558,TRANSFER,673.12,2017-06-03T00:00:00Z
7,fan_in,True,3171771,14505,2978,TRANSFER,328.82,2017-06-03T00:00:00Z
19,fan_in,True,3176069,3146,1554,DEBIT,828.03,2017-06-04T00:00:00Z
67,fan_out,True,3183227,3806,4146,TRANSFER,855.07,2017-06-04T00:00:00Z
57,fan_out,True,3184048,730,12510,WITHDRAWAL,343.73,2017-06-04T00:00:00Z
71,fan_out,True,3192922,1509,33512,DEPOSIT,568.14,2017-06-05T00:00:00Z
17,fan_in,True,3204212,29681,1145,WITHDRAWAL,517.54,2017-06-06T00:00:00Z
61,fan_out,True,3211411,3025,39747,PAYMENT,140.35,2017-06-07T00:00:00Z
121,cycle,True,3215337,49516,456,PAYMENT,181.45,2017-06-07T00:00:00Z
70,fan_out,True,3236623,1329,13334,TRANSFER,483.47,2017-06-09T00:00:00Z
50,fan_out,True,3239247,4081,33123,WITHDRAWAL,777.01,2017-06-09T00:00:00Z
77,fan_out,True,3255368,3704,7850,WITHDRAWAL,2.79,2017-06-11T00:00:00Z
121,cycle,True,3266688,36599,30932,DEPOSIT,872.97,2017-06-12T00:00:00Z
82,fan_out,True,3271894,962,14578,TRANSFER,157.48,2017-06-12T00:00:00Z
121,cycle,True,3279926,22378,40406,DEPOSIT,879.55,2017-06-13T00:00:00Z
2,fan_in,True,3305726,41227,4044,DEBIT,152.26,2017-06-15T00:00:00Z
121,cycle,True,3306461,23303,7511,TRANSFER,101.79,2017-06-15T00:00:00Z
49,fan_out,True,3312564,346,46586,WITHDRAWAL,494.87,2017-06-16T00:00:00Z
70,fan_out,True,3313730,1329,11410,DEPOSIT,866.02,2017-06-16T00:00:00Z
121,cycle,True,3315162,33395,22378,DEPOSIT,547.8,2017-06-16T00:00:00Z
95,fan_out,True,3317672,612,9067,PAYMENT,916.79,2017-06-16T00:00:00Z
50,fan_out,True,3327003,4081,8442,TRANSFER,101.59,2017-06-17T00:00:00Z
27,fan_in,True,3331489,24976,2670,TRANSFER,158.32,2017-06-18T00:00:00Z
75,fan_out,True,3334606,765,19230,WITHDRAWAL,881.09,2017-06-18T00:00:00Z
90,fan_out,True,3355900,597,49488,WITHDRAWAL,717.83,2017-06-20T00:00:00Z
26,fan_in,True,3366165,35342,467,TRANSFER,218.12,2017-06-21T00:00:00Z
63,fan_out,True,3378607,428,17970,TRANSFER,347.82,2017-06-22T00:00:00Z
78,fan_out,True,3379346,11289,28820,DEPOSIT,506.12,2017-06-22T00:00:00Z
8,fan_in,True,3395755,29401,11338,PAYMENT,934.79,2017-06-24T00:00:00Z
58,fan_out,True,3403742,3555,8145,PAYMENT,147.33,2017-06-25T00:00:00Z
132,cycle,True,3406199,29437,11744,TRANSFER,532.78,2017-06-25T00:00:00Z
132,cycle,True,3432168,20542,28504,WITHDRAWAL,626.49,2017-06-28T00:00:00Z
24,fan_in,True,3453811,415,561,PAYMENT,943.31,2017-06-30T00:00:00Z
33,fan_in,True,3454208,7958,2856,DEBIT,198.53,2017-06-30T00:00:00Z
74,fan_out,True,3464927,659,7168,TRANSFER,621.29,2017-07-01T00:00:00Z
70,fan_out,True,3481983,1329,36822,TRANSFER,323.97,2017-07-03T00:00:00Z
132,cycle,True,3500786,28504,48001,WITHDRAWAL,573.69,2017-07-05T00:00:00Z
132,cycle,True,3508771,23488,21459,TRANSFER,437.77,2017-07-06T00:00:00Z
132,cycle,True,3521078,41571,23488,TRANSFER,399.26,2017-07-07T00:00:00Z
35,fan_in,True,3525127,45517,11343,WITHDRAWAL,783.63,2017-07-08T00:00:00Z
50,fan_out,True,3527270,4081,49410,TRANSFER,177.32,2017-07-08T00:00:00Z
38,fan_in,True,3542529,11130,11542,TRANSFER,627.26,2017-07-10T00:00:00Z
53,fan_out,True,3568140,3386,398,TRANSFER,242.31,2017-07-12T00:00:00Z
73,fan_out,True,3571167,11248,27095,PAYMENT,982.96,2017-07-13T00:00:00Z
5,fan_in,True,3573305,23948,1499,DEPOSIT,954.88,2017-07-13T00:00:00Z
82,fan_out,True,3581505,962,44515,DEBIT,916.09,2017-07-14T00:00:00Z
67,fan_out,True,3584120,3806,18134,WITHDRAWAL,26.03,2017-07-14T00:00:00Z
84,fan_out,True,3595164,1218,27721,TRANSFER,857.39,2017-07-16T00:00:00Z
75,fan_out,True,3603138,765,26917,TRANSFER,840.64,2017-07-17T00:00:00Z
37,fan_in,True,3628905,13496,2689,DEBIT,632.38,2017-07-20T00:00:00Z
73,fan_out,True,3631931,11248,13650,PAYMENT,842.85,2017-07-20T00:00:00Z
97,cycle,True,3633764,6763,21340,TRANSFER,204.42,2017-07-20T00:00:00Z
97,cycle,True,3633765,26497,4568,TRANSFER,461.59,2017-07-20T00:00:00Z
21,fan_in,True,3635751,22243,1555,TRANSFER,473.97,2017-07-20T00:00:00Z
73,fan_out,True,3657773,11248,41741,TRANSFER,677.02,2017-07-23T00:00:00Z
7,fan_in,True,3670258,39684,2978,DEPOSIT,279.92,2017-07-24T00:00:00Z
97,cycle,True,3670720,36052,45857,TRANSFER,168.92,2017-07-24T00:00:00Z
97,cycle,True,3670721,45857,6383,PAYMENT,168.92,2017-07-24T00:00:00Z
97,cycle,True,3670722,6383,6763,DEPOSIT,152.03,2017-07-24T00:00:00Z
14,fan_in,True,3686002,14423,3210,WITHDRAWAL,162.21,2017-07-26T00:00:00Z
17,fan_in,True,3701407,25423,1145,DEPOSIT,329.4,2017-07-28T00:00:00Z
51,fan_out,True,3705106,1142,42106,DEPOSIT,993.34,2017-07-29T00:00:00Z
27,fan_in,True,3714993,42869,2670,PAYMENT,266.6,2017-07-30T00:00:00Z
33,fan_in,True,3720436,29485,2856,TRANSFER,490.57,2017-07-30T00:00:00Z
87,fan_out,True,3727580,1551,36021,PAYMENT,585.04,2017-07-31T00:00:00Z
15,fan_in,True,3745249,43919,11734,WITHDRAWAL,663.11,2017-08-02T00:00:00Z
107,cycle,True,3745937,1357,48892,TRANSFER,516.46,2017-08-02T00:00:00Z
107,cycle,True,3765309,20397,33178,TRANSFER,821.68,2017-08-05T00:00:00Z
107,cycle,True,3765310,33178,31773,WITHDRAWAL,924.69,2017-08-05T00:00:00Z
24,fan_in,True,3768194,26205,561,DEPOSIT,693.9,2017-08-05T00:00:00Z
60,fan_out,True,3784497,4281,41834,WITHDRAWAL,290.68,2017-08-07T00:00:00Z
126,cycle,True,3787789,12008,42340,PAYMENT,569.59,2017-08-08T00:00:00Z
126,cycle,True,3787790,265,46443,DEPOSIT,854.38,2017-08-08T00:00:00Z
25,fan_in,True,3794569,12064,3581,TRANSFER,384.3,2017-08-08T00:00:00Z
44,fan_in,True,3796823,7394,3948,TRANSFER,992.45,2017-08-09T00:00:00Z
2,fan_in,True,3802807,24037,4044,CREDIT,124.41,2017-08-09T00:00:00Z
126,cycle,True,3803225,20465,265,TRANSFER,677.72,2017-08-09T00:00:00Z
126,cycle,True,3803226,1655,11641,WITHDRAWAL,981.36,2017-08-09T00:00:00Z
51,fan_out,True,3803290,1142,43359,DEPOSIT,344.72,2017-08-10T00:00:00Z
126,cycle,True,3803552,41118,9343,WITHDRAWAL,548.49,2017-08-10T00:00:00Z
126,cycle,True,3803553,9343,1655,WITHDRAWAL,427.03,2017-08-10T00:00:00Z
34,fan_in,True,3811460,6838,12084,TRANSFER,705.9,2017-08-11T00:00:00Z
57,fan_out,True,3814475,730,2224,TRANSFER,995.58,2017-08-11T00:00:00Z
28,fan_in,True,3815403,7733,2296,DEPOSIT,987.77,2017-08-11T00:00:00Z
12,fan_in,True,3831089,5915,4121,PAYMENT,122.58,2017-08-13T00:00:00Z
109,cycle,True,3831924,2242,17699,TRANSFER,978.43,2017-08-13T00:00:00Z
49,fan_out,True,3838831,346,44482,PAYMENT,179.13,2017-08-14T00:00:00Z
109,cycle,True,3841239,44847,2242,WITHDRAWAL,573.48,2017-08-14T00:00:00Z
133,cycle,True,3851838,759,27759,DEPOSIT,261.96,2017-08-16T00:00:00Z
52,fan_out,True,3852693,1487,40501,DEPOSIT,771.71,2017-08-16T00:00:00Z
109,cycle,True,3856538,41875,19727,DEPOSIT,804.2,2017-08-16T00:00:00Z
126,cycle,True,3862626,17503,41118,WITHDRAWAL,228.3,2017-08-17T00:00:00Z
133,cycle,True,3862991,22380,34984,PAYMENT,699.96,2017-08-17T00:00:00Z
109,cycle,True,3863921,42426,36653,WITHDRAWAL,449.05,2017-08-17T00:00:00Z
109,cycle,True,3863922,33560,24591,WITHDRAWAL,556.86,2017-08-17T00:00:00Z
133,cycle,True,3875224,8595,32721,TRANSFER,809.33,2017-08-18T00:00:00Z
133,cycle,True,3880100,36612,22380,TRANSFER,933.98,2017-08-19T00:00:00Z
72,fan_out,True,3882635,199,36026,CREDIT,140.46,2017-08-19T00:00:00Z
19,fan_in,True,3883245,6235,1554,TRANSFER,121.97,2017-08-20T00:00:00Z
126,cycle,True,3885221,46443,17503,WITHDRAWAL,359.63,2017-08-20T00:00:00Z
109,cycle,True,3890663,19727,42426,PAYMENT,702.33,2017-08-20T00:00:00Z
66,fan_out,True,3896641,1344,4685,TRANSFER,296.71,2017-08-21T00:00:00Z
126,cycle,True,3898161,42340,20465,DEPOSIT,411.77,2017-08-21T00:00:00Z
126,cycle,True,3898162,11641,12008,TRANSFER,757.46,2017-08-21T00:00:00Z
109,cycle,True,3898189,24591,44847,PAYMENT,219.94,2017-08-21T00:00:00Z
109,cycle,True,3899041,36653,33560,PAYMENT,909.97,2017-08-22T00:00:00Z
51,fan_out,True,3901888,1142,527,TRANSFER,429.68,2017-08-22T00:00:00Z
85,fan_out,True,3910187,11626,35327,PAYMENT,800.61,2017-08-23T00:00:00Z
85,fan_out,True,3916312,11626,3993,WITHDRAWAL,689.34,2017-08-24T00:00:00Z
116,cycle,True,3928621,3447,19003,TRANSFER,100.89,2017-08-25T00:00:00Z
116,cycle,True,3928622,39641,975,PAYMENT,415.18,2017-08-25T00:00:00Z
116,cycle,True,3938320,5833,26791,TRANSFER,468.49,2017-08-27T00:00:00Z
133,cycle,True,3944120,34984,8595,CREDIT,713.19,2017-08-27T00:00:00Z
72,fan_out,True,3944353,199,31553,WITHDRAWAL,147.86,2017-08-27T00:00:00Z
21,fan_in,True,3953609,45610,1555,TRANSFER,494.24,2017-08-29T00:00:00Z
33,fan_in,True,3955583,39934,2856,TRANSFER,327.61,2017-08-29T00:00:00Z
6,fan_in,True,3958505,20220,2834,TRANSFER,201.59,2017-08-29T00:00:00Z
47,fan_in,True,3962828,35323,11645,PAYMENT,142.59,2017-08-30T00:00:00Z
5,fan_in,True,3966679,7589,1499,WITHDRAWAL,133.65,2017-08-30T00:00:00Z
82,fan_out,True,3978279,962,672,TRANSFER,767.64,2017-09-01T00:00:00Z
86,fan_out,True,4003537,4339,9010,TRANSFER,6.07,2017-09-04T00:00:00Z
45,fan_in,True,4007472,15428,250,TRANSFER,653.38,2017-09-05T00:00:00Z
116,cycle,True,4015176,26791,3447,WITHDRAWAL,749.78,2017-09-06T00:00:00Z
59,fan_out,True,4022548,3318,8676,PAYMENT,126.3,2017-09-07T00:00:00Z
116,cycle,True,4023321,975,5833,WITHDRAWAL,674.36,2017-09-07T00:00:00Z
116,cycle,True,4037152,19003,39641,TRANSFER,784.8,2017-09-09T00:00:00Z
11,fan_in,True,4038082,36790,3593,PAYMENT,415.12,2017-09-09T00:00:00Z
24,fan_in,True,4045127,29034,561,DEPOSIT,897.65,2017-09-10T00:00:00Z
27,fan_in,True,4046351,3085,2670,TRANSFER,158.65,2017-09-10T00:00:00Z
38,fan_in,True,4053231,13654,11542,CREDIT,503.27,2017-09-11T00:00:00Z
36,fan_in,True,4070576,45436,3558,DEBIT,244.22,2017-09-13T00:00:00Z
59,fan_out,True,4085527,3318,29181,DEBIT,16.02,2017-09-15T00:00:00Z
17,fan_in,True,4108702,33283,1145,WITHDRAWAL,871.38,2017-09-18T00:00:00Z
40,fan_in,True,4137618,20500,11544,TRANSFER,717.25,2017-09-22T00:00:00Z
138,cycle,True,4186467,685,22346,TRANSFER,577.51,2017-09-29T00:00:00Z
67,fan_out,True,4194805,3806,31713,TRANSFER,194.21,2017-09-30T00:00:00Z
26,fan_in,True,4199751,39688,467,TRANSFER,355.8,2017-10-01T00:00:00Z
2,fan_in,True,4217689,14588,4044,DEPOSIT,255.0,2017-10-03T00:00:00Z
43,fan_in,True,4220766,7630,3892,PAYMENT,782.57,2017-10-04T00:00:00Z
90,fan_out,True,4225648,597,24000,TRANSFER,321.69,2017-10-04T00:00:00Z
138,cycle,True,4233261,16023,28077,DEPOSIT,746.56,2017-10-05T00:00:00Z
46,fan_in,True,4237755,14600,262,PAYMENT,469.11,2017-10-06T00:00:00Z
63,fan_out,True,4238002,428,27101,DEBIT,467.6,2017-10-06T00:00:00Z
62,fan_out,True,4238527,608,39547,TRANSFER,909.7,2017-10-06T00:00:00Z
65,fan_out,True,4241615,1567,33906,TRANSFER,206.99,2017-10-07T00:00:00Z
69,fan_out,True,4246709,4169,27905,DEPOSIT,246.12,2017-10-07T00:00:00Z
138,cycle,True,4250844,21941,685,TRANSFER,564.89,2017-10-08T00:00:00Z
21,fan_in,True,4251070,14460,1555,TRANSFER,149.87,2017-10-08T00:00:00Z
35,fan_in,True,4269520,24205,11343,WITHDRAWAL,230.51,2017-10-10T00:00:00Z
74,fan_out,True,4272407,659,31288,PAYMENT,593.79,2017-10-11T00:00:00Z
138,cycle,True,4299988,15525,16023,WITHDRAWAL,913.67,2017-10-15T00:00:00Z
138,cycle,True,4307334,22346,15525,WITHDRAWAL,137.07,2017-10-16T00:00:00Z
87,fan_out,True,4322091,1551,18598,TRANSFER,173.28,2017-10-18T00:00:00Z
56,fan_out,True,4329510,1715,28984,TRANSFER,104.02,2017-10-19T00:00:00Z
117,cycle,True,4333957,2430,35536,PAYMENT,183.75,2017-10-20T00:00:00Z
117,cycle,True,4333958,1274,2430,DEPOSIT,816.37,2017-10-20T00:00:00Z
25,fan_in,True,4338423,23187,3581,TRANSFER,984.54,2017-10-20T00:00:00Z
27,fan_in,True,4352805,25075,2670,WITHDRAWAL,576.37,2017-10-22T00:00:00Z
117,cycle,True,4353297,48484,30998,TRANSFER,187.53,2017-10-22T00:00:00Z
117,cycle,True,4377276,10500,1274,WITHDRAWAL,316.44,2017-10-26T00:00:00Z
54,fan_out,True,4377325,11349,31279,PAYMENT,247.2,2017-10-26T00:00:00Z
117,cycle,True,4405572,44394,19386,TRANSFER,459.52,2017-10-30T00:00:00Z
41,fan_in,True,4406830,37325,1534,TRANSFER,902.33,2017-10-30T00:00:00Z
87,fan_out,True,4409784,1551,134,TRANSFER,357.83,2017-10-31T00:00:00Z
117,cycle,True,4430333,35536,31119,PAYMENT,623.33,2017-11-03T00:00:00Z
7,fan_in,True,4433930,33697,2978,WITHDRAWAL,679.93,2017-11-03T00:00:00Z
19,fan_in,True,4445418,14334,1554,PAYMENT,907.2,2017-11-05T00:00:00Z
14,fan_in,True,4446162,33719,3210,TRANSFER,577.58,2017-11-05T00:00:00Z
92,fan_out,True,4468036,723,43308,PAYMENT,896.8,2017-11-08T00:00:00Z
92,fan_out,True,4491066,723,46530,TRANSFER,565.71,2017-11-12T00:00:00Z
0,fan_in,True,4492543,23047,2130,TRANSFER,979.43,2017-11-12T00:00:00Z
47,fan_in,True,4529564,41241,11645,TRANSFER,980.82,2017-11-18T00:00:00Z
3,fan_in,True,4530377,16134,4562,TRANSFER,881.5,2017-11-18T00:00:00Z
60,fan_out,True,4531575,4281,31398,TRANSFER,192.17,2017-11-18T00:00:00Z
102,cycle,True,4539452,2288,33114,DEPOSIT,532.11,2017-11-19T00:00:00Z
108,cycle,True,4550626,3716,38450,DEBIT,407.05,2017-11-21T00:00:00Z
102,cycle,True,4564561,29627,17820,CREDIT,234.41,2017-11-23T00:00:00Z
102,cycle,True,4564562,36627,2981,TRANSFER,496.64,2017-11-23T00:00:00Z
51,fan_out,True,4568030,1142,11014,PAYMENT,909.59,2017-11-23T00:00:00Z
102,cycle,True,4569376,41671,2288,TRANSFER,890.29,2017-11-24T00:00:00Z
108,cycle,True,4579824,15498,3716,TRANSFER,930.13,2017-11-25T00:00:00Z
45,fan_in,True,4588067,44817,250,PAYMENT,695.39,2017-11-26T00:00:00Z
44,fan_in,True,4589781,8180,3948,TRANSFER,761.4,2017-11-27T00:00:00Z
49,fan_out,True,4595148,346,17994,TRANSFER,247.48,2017-11-28T00:00:00Z
102,cycle,True,4600769,40879,30975,TRANSFER,723.75,2017-11-28T00:00:00Z
108,cycle,True,4605454,16584,32820,WITHDRAWAL,397.0,2017-11-29T00:00:00Z
28,fan_in,True,4608357,15379,2296,DEBIT,415.02,2017-11-30T00:00:00Z
108,cycle,True,4611012,22130,15498,WITHDRAWAL,428.33,2017-11-30T00:00:00Z
119,cycle,True,4614396,3345,48495,TRANSFER,285.35,2017-12-01T00:00:00Z
102,cycle,True,4616513,33114,40879,TRANSFER,651.48,2017-12-01T00:00:00Z
119,cycle,True,4626197,29668,41940,TRANSFER,133.01,2017-12-02T00:00:00Z
98,cycle,True,4628208,1801,48139,TRANSFER,939.62,2017-12-03T00:00:00Z
98,cycle,True,4628209,8005,37514,TRANSFER,589.31,2017-12-03T00:00:00Z
12,fan_in,True,4632008,4870,4121,PAYMENT,210.58,2017-12-03T00:00:00Z
119,cycle,True,4635553,42359,3345,CREDIT,101.67,2017-12-04T00:00:00Z
98,cycle,True,4640062,10210,15540,TRANSFER,898.75,2017-12-05T00:00:00Z
98,cycle,True,4640063,15540,10097,TRANSFER,379.59,2017-12-05T00:00:00Z
119,cycle,True,4640848,41940,42359,TRANSFER,385.89,2017-12-05T00:00:00Z
98,cycle,True,4649960,10240,10210,TRANSFER,512.93,2017-12-06T00:00:00Z
98,cycle,True,4649961,37514,1801,TRANSFER,942.42,2017-12-06T00:00:00Z
65,fan_out,True,4667869,1567,9277,DEBIT,424.81,2017-12-09T00:00:00Z
87,fan_out,True,4671046,1551,13966,TRANSFER,576.33,2017-12-09T00:00:00Z
54,fan_out,True,4701111,11349,35400,DEPOSIT,795.23,2017-12-14T00:00:00Z
87,fan_out,True,4703155,1551,1749,PAYMENT,998.36,2017-12-14T00:00:00Z
115,cycle,True,4706710,11340,42477,TRANSFER,43.01,2017-12-15T00:00:00Z
115,cycle,True,4706711,16124,14157,DEPOSIT,38.71,2017-12-15T00:00:00Z
115,cycle,True,4726603,35109,30065,TRANSFER,654.73,2017-12-18T00:00:00Z
40,fan_in,True,4730847,43504,11544,TRANSFER,142.65,2017-12-19T00:00:00Z
115,cycle,True,4736242,44214,11340,DEPOSIT,726.87,2017-12-20T00:00:00Z
75,fan_out,True,4739832,765,16645,DEPOSIT,390.45,2017-12-20T00:00:00Z
15,fan_in,True,4749710,29443,11734,DEBIT,517.14,2017-12-22T00:00:00Z
36,fan_in,True,4761370,11047,3558,PAYMENT,185.92,2017-12-24T00:00:00Z
115,cycle,True,4768491,14157,35109,DEPOSIT,236.63,2017-12-25T00:00:00Z
74,fan_out,True,4775486,659,42434,DEBIT,827.54,2017-12-26T00:00:00Z
115,cycle,True,4784152,42477,16124,PAYMENT,765.37,2017-12-27T00:00:00Z
6,fan_in,True,4785052,6248,2834,WITHDRAWAL,951.93,2017-12-27T00:00:00Z
90,fan_out,True,4797642,597,40066,TRANSFER,724.69,2017-12-29T00:00:00Z
90,fan_out,True,4801751,597,24265,TRANSFER,148.37,2017-12-30T00:00:00Z
25,fan_in,True,4815225,22776,3581,DEPOSIT,103.39,2018-01-01T00:00:00Z
43,fan_in,True,4833943,26332,3892,PAYMENT,752.64,2018-01-04T00:00:00Z
64,fan_out,True,4876534,951,21055,TRANSFER,793.81,2018-01-11T00:00:00Z
35,fan_in,True,4878598,12521,11343,TRANSFER,407.08,2018-01-12T00:00:00Z
11,fan_in,True,4880740,12404,3593,TRANSFER,843.34,2018-01-12T00:00:00Z
0,fan_in,True,4896278,49377,2130,TRANSFER,432.54,2018-01-14T00:00:00Z
38,fan_in,True,4898298,33841,11542,PAYMENT,378.02,2018-01-15T00:00:00Z
99,cycle,True,4899340,15031,19741,WITHDRAWAL,151.54,2018-01-15T00:00:00Z
103,cycle,True,4915281,2756,12467,TRANSFER,838.12,2018-01-18T00:00:00Z
99,cycle,True,4925106,19741,35997,TRANSFER,723.09,2018-01-19T00:00:00Z
82,fan_out,True,4929328,962,23531,TRANSFER,283.59,2018-01-20T00:00:00Z
19,fan_in,True,4933374,43541,1554,TRANSFER,536.9,2018-01-21T00:00:00Z
99,cycle,True,4956584,35997,2277,DEPOSIT,418.37,2018-01-24T00:00:00Z
63,fan_out,True,4965815,428,45984,DEPOSIT,937.52,2018-01-26T00:00:00Z
103,cycle,True,4973068,35607,20213,DEPOSIT,857.26,2018-01-27T00:00:00Z
103,cycle,True,4973069,20213,36965,TRANSFER,694.12,2018-01-27T00:00:00Z
103,cycle,True,5012177,16542,35607,WITHDRAWAL,690.03,2018-02-03T00:00:00Z
103,cycle,True,5012178,36965,39092,TRANSFER,480.44,2018-02-03T00:00:00Z
64,fan_out,True,5021523,951,37698,TRANSFER,829.6,2018-02-04T00:00:00Z
47,fan_in,True,5033049,25456,11645,DEPOSIT,729.98,2018-02-06T00:00:00Z
103,cycle,True,5033217,12467,16542,WITHDRAWAL,950.97,2018-02-06T00:00:00Z
90,fan_out,True,5039183,597,32729,PAYMENT,279.7,2018-02-07T00:00:00Z
125,cycle,True,5043673,2572,9070,TRANSFER,201.44,2018-02-08T00:00:00Z
62,fan_out,True,5047902,608,16033,DEBIT,691.89,2018-02-09T00:00:00Z
125,cycle,True,5055293,9415,26290,CREDIT,852.24,2018-02-10T00:00:00Z
125,cycle,True,5069607,49945,9415,WITHDRAWAL,318.21,2018-02-12T00:00:00Z
45,fan_in,True,5088414,22079,250,TRANSFER,143.7,2018-02-16T00:00:00Z
125,cycle,True,5089266,11018,49945,TRANSFER,460.43,2018-02-16T00:00:00Z
125,cycle,True,5093831,26290,2572,WITHDRAWAL,503.14,2018-02-17T00:00:00Z
125,cycle,True,5113578,9070,11018,TRANSFER,891.66,2018-02-20T00:00:00Z
46,fan_in,True,5124030,12137,262,DEPOSIT,922.28,2018-02-22T00:00:00Z
6,fan_in,True,5143562,39422,2834,DEPOSIT,500.06,2018-02-25T00:00:00Z
15,fan_in,True,5178264,4954,11734,TRANSFER,926.73,2018-03-03T00:00:00Z
124,cycle,True,5180528,17052,13297,TRANSFER,711.9,2018-03-03T00:00:00Z
124,cycle,True,5180529,13297,24766,DEPOSIT,886.28,2018-03-03T00:00:00Z
124,cycle,True,5180530,24766,11375,TRANSFER,779.2,2018-03-03T00:00:00Z
104,cycle,True,5218006,397,40202,PAYMENT,671.65,2018-03-10T00:00:00Z
104,cycle,True,5218007,43278,13353,WITHDRAWAL,544.47,2018-03-10T00:00:00Z
104,cycle,True,5224958,13353,32329,DEPOSIT,601.05,2018-03-11T00:00:00Z
104,cycle,True,5230569,34178,43278,TRANSFER,245.82,2018-03-12T00:00:00Z
25,fan_in,True,5247908,37127,3581,DEBIT,962.2,2018-03-15T00:00:00Z
104,cycle,True,5251927,40202,7469,TRANSFER,176.75,2018-03-16T00:00:00Z
104,cycle,True,5251928,7469,34178,CREDIT,397.55,2018-03-16T00:00:00Z
44,fan_in,True,5255679,49443,3948,TRANSFER,347.19,2018-03-17T00:00:00Z
2,fan_in,True,5257548,36148,4044,TRANSFER,723.02,2018-03-17T00:00:00Z
90,fan_out,True,5268080,597,21445,PAYMENT,674.35,2018-03-19T00:00:00Z
34,fan_in,True,5272148,15192,12084,CREDIT,616.28,2018-03-19T00:00:00Z
69,fan_out,True,5272424,4169,12782,DEBIT,106.17,2018-03-19T00:00:00Z
12,fan_in,True,5301343,35592,4121,DEPOSIT,803.26,2018-03-25T00:00:00Z
114,cycle,True,5306909,12322,1621,TRANSFER,431.03,2018-03-26T00:00:00Z
114,cycle,True,5313646,13328,11635,PAYMENT,808.34,2018-03-27T00:00:00Z
90,fan_out,True,5336062,597,44701,WITHDRAWAL,709.01,2018-03-31T00:00:00Z
114,cycle,True,5343006,41894,13328,WITHDRAWAL,315.42,2018-04-01T00:00:00Z
43,fan_in,True,5370041,14907,3892,WITHDRAWAL,664.2,2018-04-06T00:00:00Z
92,fan_out,True,5373556,723,34403,PAYMENT,365.17,2018-04-06T00:00:00Z
19,fan_in,True,5380804,12820,1554,PAYMENT,145.08,2018-04-08T00:00:00Z
112,cycle,True,5392208,11230,13657,PAYMENT,557.16,2018-04-10T00:00:00Z
112,cycle,True,5392209,10004,37384,TRANSFER,857.96,2018-04-10T00:00:00Z
112,cycle,True,5392210,37384,38159,WITHDRAWAL,146.01,2018-04-10T00:00:00Z
105,cycle,True,5397314,25827,22555,TRANSFER,214.89,2018-04-11T00:00:00Z
105,cycle,True,5409858,22555,42472,TRANSFER,813.91,2018-04-13T00:00:00Z
112,cycle,True,5410111,5637,11230,WITHDRAWAL,204.35,2018-04-13T00:00:00Z
105,cycle,True,5414088,42472,2392,WITHDRAWAL,892.93,2018-04-14T00:00:00Z
105,cycle,True,5426010,1397,25827,TRANSFER,688.82,2018-04-16T00:00:00Z
35,fan_in,True,5427957,13958,11343,PAYMENT,952.15,2018-04-16T00:00:00Z
50,fan_out,True,5436530,4081,4719,WITHDRAWAL,8.98,2018-04-18T00:00:00Z
64,fan_out,True,5442391,951,38300,TRANSFER,509.27,2018-04-19T00:00:00Z
112,cycle,True,5447210,13657,10004,PAYMENT,553.46,2018-04-20T00:00:00Z
84,fan_out,True,5448712,1218,15308,PAYMENT,120.96,2018-04-20T00:00:00Z
105,cycle,True,5452440,35064,1397,WITHDRAWAL,227.52,2018-04-21T00:00:00Z
58,fan_out,True,5473927,3555,21596,TRANSFER,148.81,2018-04-24T00:00:00Z
6,fan_in,True,5480647,39983,2834,PAYMENT,986.54,2018-04-26T00:00:00Z
90,fan_out,True,5486037,597,31837,TRANSFER,200.81,2018-04-27T00:00:00Z
47,fan_in,True,5488709,37314,11645,TRANSFER,704.79,2018-04-27T00:00:00Z
65,fan_out,True,5496553,1567,38835,PAYMENT,206.71,2018-04-28T00:00:00Z
54,fan_out,True,5510868,11349,26521,TRANSFER,869.5,2018-05-01T00:00:00Z
45,fan_in,True,5552782,1178,250,DEBIT,211.57,2018-05-09T00:00:00Z
100,cycle,True,5569145,2129,7156,WITHDRAWAL,407.51,2018-05-12T00:00:00Z
15,fan_in,True,5577583,9154,11734,DEBIT,866.06,2018-05-13T00:00:00Z
11,fan_in,True,5598396,19719,3593,TRANSFER,617.18,2018-05-17T00:00:00Z
64,fan_out,True,5599075,951,4906,TRANSFER,485.82,2018-05-17T00:00:00Z
100,cycle,True,5602837,7814,12372,TRANSFER,203.77,2018-05-18T00:00:00Z
100,cycle,True,5612253,14414,46372,TRANSFER,226.38,2018-05-20T00:00:00Z
113,cycle,True,5624215,2666,12751,TRANSFER,146.47,2018-05-22T00:00:00Z
100,cycle,True,5627208,12372,2129,TRANSFER,952.89,2018-05-22T00:00:00Z
92,fan_out,True,5630111,723,49400,TRANSFER,993.7,2018-05-23T00:00:00Z
100,cycle,True,5631583,39420,14414,DEPOSIT,354.27,2018-05-23T00:00:00Z
113,cycle,True,5643948,37538,9842,DEPOSIT,774.59,2018-05-26T00:00:00Z
76,fan_out,True,5644130,2418,44079,DEPOSIT,77.76,2018-05-26T00:00:00Z
100,cycle,True,5646212,7156,39420,PAYMENT,917.74,2018-05-26T00:00:00Z
25,fan_in,True,5649633,37847,3581,CREDIT,511.13,2018-05-27T00:00:00Z
113,cycle,True,5650522,16641,45824,DEBIT,731.97,2018-05-27T00:00:00Z
62,fan_out,True,5655981,608,19565,PAYMENT,761.01,2018-05-28T00:00:00Z
141,cycle,True,5656691,43760,29201,TRANSFER,578.27,2018-05-28T00:00:00Z
141,cycle,True,5656692,29201,11863,TRANSFER,572.14,2018-05-28T00:00:00Z
113,cycle,True,5666881,12751,48398,TRANSFER,449.47,2018-05-30T00:00:00Z
113,cycle,True,5666882,9842,2666,TRANSFER,840.61,2018-05-30T00:00:00Z
31,fan_in,True,5668183,19363,4615,WITHDRAWAL,880.34,2018-05-30T00:00:00Z
141,cycle,True,5668350,11863,21387,PAYMENT,441.83,2018-05-30T00:00:00Z
141,cycle,True,5668351,37828,18660,DEPOSIT,867.66,2018-05-30T00:00:00Z
141,cycle,True,5674552,43700,43760,DEBIT,161.4,2018-05-31T00:00:00Z
141,cycle,True,5682642,18660,4328,PAYMENT,725.31,2018-06-02T00:00:00Z
130,cycle,True,5686146,11838,9237,TRANSFER,613.07,2018-06-02T00:00:00Z
130,cycle,True,5701932,43311,15908,DEPOSIT,174.61,2018-06-05T00:00:00Z
130,cycle,True,5703390,23511,31549,TRANSFER,726.55,2018-06-06T00:00:00Z
141,cycle,True,5730859,44572,43700,TRANSFER,602.04,2018-06-11T00:00:00Z
40,fan_in,True,5744591,10565,11544,TRANSFER,714.31,2018-06-13T00:00:00Z
140,cycle,True,5751677,630,9636,WITHDRAWAL,888.19,2018-06-15T00:00:00Z
130,cycle,True,5753410,35576,43311,TRANSFER,893.46,2018-06-15T00:00:00Z
130,cycle,True,5757080,15086,23511,TRANSFER,619.63,2018-06-16T00:00:00Z
130,cycle,True,5775504,9237,46682,DEPOSIT,414.76,2018-06-19T00:00:00Z
130,cycle,True,5775505,15908,9617,TRANSFER,572.92,2018-06-19T00:00:00Z
3,fan_in,True,5778404,8186,4562,TRANSFER,932.39,2018-06-20T00:00:00Z
139,cycle,True,5783316,5872,46685,TRANSFER,244.57,2018-06-21T00:00:00Z
140,cycle,True,5786776,18443,17917,DEPOSIT,748.94,2018-06-21T00:00:00Z
140,cycle,True,5791531,43561,10274,PAYMENT,827.17,2018-06-22T00:00:00Z
140,cycle,True,5791532,10274,39535,WITHDRAWAL,331.02,2018-06-22T00:00:00Z
140,cycle,True,5795661,39535,30334,DEBIT,935.69,2018-06-23T00:00:00Z
19,fan_in,True,5802475,16961,1554,DEBIT,700.64,2018-06-24T00:00:00Z
51,fan_out,True,5804474,1142,7297,PAYMENT,965.17,2018-06-25T00:00:00Z
140,cycle,True,5817164,9636,18443,TRANSFER,299.63,2018-06-27T00:00:00Z
140,cycle,True,5817165,7040,43561,TRANSFER,916.33,2018-06-27T00:00:00Z
139,cycle,True,5818686,9507,5872,TRANSFER,335.7,2018-06-27T00:00:00Z
75,fan_out,True,5824522,765,6691,TRANSFER,352.42,2018-06-29T00:00:00Z
139,cycle,True,5835662,42300,9729,TRANSFER,146.53,2018-07-01T00:00:00Z
139,cycle,True,5858483,20386,42300,PAYMENT,725.35,2018-07-05T00:00:00Z
139,cycle,True,5858484,9729,9507,DEPOSIT,371.65,2018-07-05T00:00:00Z
43,fan_in,True,5869607,4939,3892,TRANSFER,223.3,2018-07-07T00:00:00Z
65,fan_out,True,5877154,1567,18879,TRANSFER,797.39,2018-07-09T00:00:00Z
28,fan_in,True,5884096,34476,2296,WITHDRAWAL,608.07,2018-07-10T00:00:00Z
76,fan_out,True,5905619,2418,39721,PAYMENT,151.55,2018-07-14T00:00:00Z
47,fan_in,True,5915717,35008,11645,TRANSFER,901.94,2018-07-16T00:00:00Z
69,fan_out,True,5938146,4169,42549,TRANSFER,154.6,2018-07-20T00:00:00Z
52,fan_out,True,5945132,1487,36163,TRANSFER,418.77,2018-07-22T00:00:00Z
134,cycle,True,5984479,16670,69,DEPOSIT,461.08,2018-07-29T00:00:00Z
45,fan_in,True,5985213,13571,250,DEPOSIT,330.16,2018-07-30T00:00:00Z
52,fan_out,True,5988315,1487,8876,TRANSFER,900.18,2018-07-30T00:00:00Z
134,cycle,True,5990315,44665,16286,TRANSFER,348.42,2018-07-31T00:00:00Z
134,cycle,True,5990316,16286,26219,TRANSFER,104.36,2018-07-31T00:00:00Z
134,cycle,True,6009692,40389,21552,DEPOSIT,550.81,2018-08-03T00:00:00Z
134,cycle,True,6015295,34111,16670,DEBIT,138.37,2018-08-04T00:00:00Z
134,cycle,True,6026244,8522,40389,TRANSFER,901.57,2018-08-07T00:00:00Z
134,cycle,True,6026245,26219,34111,PAYMENT,782.09,2018-08-07T00:00:00Z
123,cycle,True,6028215,2043,26449,PAYMENT,813.12,2018-08-07T00:00:00Z
135,cycle,True,6049449,625,43248,WITHDRAWAL,666.13,2018-08-11T00:00:00Z
123,cycle,True,6051160,41427,46962,DEBIT,789.95,2018-08-11T00:00:00Z
123,cycle,True,6051161,46519,2043,TRANSFER,264.36,2018-08-11T00:00:00Z
123,cycle,True,6057243,46962,46519,TRANSFER,76.88,2018-08-13T00:00:00Z
135,cycle,True,6071832,37790,27423,WITHDRAWAL,476.02,2018-08-16T00:00:00Z
67,fan_out,True,6075287,3806,37957,DEPOSIT,29.59,2018-08-16T00:00:00Z
123,cycle,True,6078883,33540,41427,PAYMENT,537.32,2018-08-17T00:00:00Z
135,cycle,True,6079396,15823,37790,TRANSFER,348.83,2018-08-17T00:00:00Z
62,fan_out,True,6092141,608,13073,DEBIT,868.29,2018-08-20T00:00:00Z
123,cycle,True,6093981,26449,33540,CREDIT,226.32,2018-08-20T00:00:00Z
135,cycle,True,6110383,28371,13252,DEPOSIT,895.43,2018-08-23T00:00:00Z
135,cycle,True,6116827,43248,27243,DEPOSIT,475.03,2018-08-25T00:00:00Z
135,cycle,True,6116828,13252,5658,TRANSFER,621.11,2018-08-25T00:00:00Z
135,cycle,True,6116829,5658,625,PAYMENT,508.68,2018-08-25T00:00:00Z
137,cycle,True,6185708,529,21755,TRANSFER,746.1,2018-09-07T00:00:00Z
40,fan_in,True,6196843,35583,11544,DEPOSIT,401.63,2018-09-09T00:00:00Z
137,cycle,True,6202912,14880,13304,TRANSFER,317.6,2018-09-11T00:00:00Z
52,fan_out,True,6241795,1487,3233,PAYMENT,158.93,2018-09-19T00:00:00Z
129,cycle,True,6253508,26428,24013,TRANSFER,817.41,2018-09-21T00:00:00Z
111,cycle,True,6273647,29150,11548,DEPOSIT,409.63,2018-09-25T00:00:00Z
111,cycle,True,6277802,1978,26530,DEPOSIT,269.32,2018-09-26T00:00:00Z
129,cycle,True,6281740,24013,48038,TRANSFER,981.36,2018-09-27T00:00:00Z
129,cycle,True,6287303,20400,27320,TRANSFER,785.73,2018-09-28T00:00:00Z
111,cycle,True,6290238,26530,29150,TRANSFER,153.97,2018-09-28T00:00:00Z
120,cycle,True,6309880,1354,11812,TRANSFER,334.85,2018-10-02T00:00:00Z
111,cycle,True,6336629,12126,1978,TRANSFER,379.28,2018-10-08T00:00:00Z
120,cycle,True,6338494,48564,1354,TRANSFER,196.52,2018-10-08T00:00:00Z
75,fan_out,True,6343295,765,1303,TRANSFER,271.45,2018-10-09T00:00:00Z
120,cycle,True,6348258,24357,2864,DEPOSIT,370.07,2018-10-10T00:00:00Z
131,cycle,True,6352110,1030,24482,TRANSFER,426.67,2018-10-11T00:00:00Z
131,cycle,True,6352111,7481,47364,TRANSFER,438.61,2018-10-11T00:00:00Z
84,fan_out,True,6369183,1218,28902,TRANSFER,245.6,2018-10-14T00:00:00Z
84,fan_out,True,6372167,1218,33778,CREDIT,638.32,2018-10-15T00:00:00Z
131,cycle,True,6376543,36690,13648,TRANSFER,471.15,2018-10-16T00:00:00Z
131,cycle,True,6384164,43302,7481,DEPOSIT,237.87,2018-10-17T00:00:00Z
96,cycle,True,6395739,1580,3758,WITHDRAWAL,416.5,2018-10-20T00:00:00Z
131,cycle,True,6409169,13648,43302,DEPOSIT,921.28,2018-10-22T00:00:00Z
131,cycle,True,6416411,24482,48862,PAYMENT,903.06,2018-10-24T00:00:00Z
131,cycle,True,6416412,39895,19009,DEPOSIT,355.12,2018-10-24T00:00:00Z
75,fan_out,True,6433058,765,11929,PAYMENT,283.71,2018-10-27T00:00:00Z
110,cycle,True,6468797,19768,1560,CREDIT,940.72,2018-11-04T00:00:00Z
110,cycle,True,6474708,1228,31359,PAYMENT,324.25,2018-11-05T00:00:00Z
110,cycle,True,6485072,13565,1313,CREDIT,387.27,2018-11-07T00:00:00Z
118,cycle,True,6519179,1670,24638,TRANSFER,609.09,2018-11-14T00:00:00Z
75,fan_out,True,6530848,765,29492,DEPOSIT,374.11,2018-11-16T00:00:00Z
136,cycle,True,6537798,8562,9619,DEPOSIT,154.53,2018-11-18T00:00:00Z
118,cycle,True,6547605,29738,1670,WITHDRAWAL,107.03,2018-11-20T00:00:00Z
136,cycle,True,6565556,36139,14121,WITHDRAWAL,874.85,2018-11-24T00:00:00Z
118,cycle,True,6569379,16607,24043,WITHDRAWAL,290.95,2018-11-24T00:00:00Z
136,cycle,True,6570540,1239,41368,TRANSFER,696.18,2018-11-25T00:00:00Z
136,cycle,True,6589342,9619,4482,PAYMENT,439.1,2018-11-29T00:00:00Z
118,cycle,True,6591851,24043,18128,DEBIT,979.6,2018-11-29T00:00:00Z
118,cycle,True,6591852,42240,29738,TRANSFER,746.85,2018-11-29T00:00:00Z
136,cycle,True,6596458,41368,45089,TRANSFER,400.07,2018-11-30T00:00:00Z
136,cycle,True,6596459,45089,8562,PAYMENT,674.99,2018-11-30T00:00:00Z
118,cycle,True,6597294,24638,16607,TRANSFER,965.45,2018-11-30T00:00:00Z
136,cycle,True,6602107,14121,1239,PAYMENT,106.51,2018-12-01T00:00:00Z
136,cycle,True,6606566,12449,36139,TRANSFER,944.31,2018-12-02T00:00:00Z
101,cycle,True,6691731,12411,1514,DEBIT,286.28,2018-12-20T00:00:00Z
101,cycle,True,6691732,1514,24222,DEBIT,218.0,2018-12-20T00:00:00Z
101,cycle,True,6702178,24222,2693,PAYMENT,781.03,2018-12-22T00:00:00Z
101,cycle,True,6716682,22875,12411,WITHDRAWAL,613.01,2018-12-26T00:00:00Z
