alert_id,alert_type,acct_id,acct_name,is_sar,model_id,start,end,schedule_id,bank_id
0,fan_in,2130,2130,True,2,0,1000000,2,bank
0,fan_in,7410,7410,True,2,0,1000000,2,bank
0,fan_in,12683,12683,True,2,0,1000000,2,bank
0,fan_in,42829,42829,True,2,0,1000000,2,bank
0,fan_in,38511,38511,True,2,0,1000000,2,bank
0,fan_in,30676,30676,True,2,0,1000000,2,bank
0,fan_in,23047,23047,True,2,0,1000000,2,bank
0,fan_in,49377,49377,True,2,0,1000000,2,bank
1,fan_in,409,409,True,2,0,1000000,2,bank
1,fan_in,32075,32075,True,2,0,1000000,2,bank
1,fan_in,20587,20587,True,2,0,1000000,2,bank
1,fan_in,39883,39883,True,2,0,1000000,2,bank
1,fan_in,30498,30498,True,2,0,1000000,2,bank
1,fan_in,3171,3171,True,2,0,1000000,2,bank
2,fan_in,4044,4044,True,2,0,1000000,2,bank
2,fan_in,29299,29299,True,2,0,1000000,2,bank
2,fan_in,30841,30841,True,2,0,1000000,2,bank
2,fan_in,4265,4265,True,2,0,1000000,2,bank
2,fan_in,41227,41227,True,2,0,1000000,2,bank
2,fan_in,24037,24037,True,2,0,1000000,2,bank
2,fan_in,14588,14588,True,2,0,1000000,2,bank
2,fan_in,48369,48369,True,2,0,1000000,2,bank
2,fan_in,2271,2271,True,2,0,1000000,2,bank
2,fan_in,36148,36148,True,2,0,1000000,2,bank
3,fan_in,4562,4562,True,2,0,1000000,2,bank
3,fan_in,46504,46504,True,2,0,1000000,2,bank
3,fan_in,16564,16564,True,2,0,1000000,2,bank
3,fan_in,3177,3177,True,2,0,1000000,2,bank
3,fan_in,16134,16134,True,2,0,1000000,2,bank
3,fan_in,27706,27706,True,2,0,1000000,2,bank
3,fan_in,8186,8186,True,2,0,1000000,2,bank
4,fan_in,11270,11270,True,2,0,1000000,2,bank
4,fan_in,27411,27411,True,2,0,1000000,2,bank
4,fan_in,32662,32662,True,2,0,1000000,2,bank
4,fan_in,40381,40381,True,2,0,1000000,2,bank
4,fan_in,13628,13628,True,2,0,1000000,2,bank
4,fan_in,18952,18952,True,2,0,1000000,2,bank
5,fan_in,1499,1499,True,2,0,1000000,2,bank
5,fan_in,14669,14669,True,2,0,1000000,2,bank
5,fan_in,41593,41593,True,2,0,1000000,2,bank
5,fan_in,31354,31354,True,2,0,1000000,2,bank
5,fan_in,24005,24005,True,2,0,1000000,2,bank
5,fan_in,23948,23948,True,2,0,1000000,2,bank
5,fan_in,7589,7589,True,2,0,1000000,2,bank
5,fan_in,11705,11705,True,2,0,1000000,2,bank
6,fan_in,2834,2834,True,2,0,1000000,2,bank
6,fan_in,6523,6523,True,2,0,1000000,2,bank
6,fan_in,17270,17270,True,2,0,1000000,2,bank
6,fan_in,12514,12514,True,2,0,1000000,2,bank
6,fan_in,46144,46144,True,2,0,1000000,2,bank
6,fan_in,20220,20220,True,2,0,1000000,2,bank
6,fan_in,47983,47983,True,2,0,1000000,2,bank
6,fan_in,6248,6248,True,2,0,1000000,2,bank
6,fan_in,39422,39422,True,2,0,1000000,2,bank
6,fan_in,39983,39983,True,2,0,1000000,2,bank
7,fan_in,2978,2978,True,2,0,1000000,2,bank
7,fan_in,18365,18365,True,2,0,1000000,2,bank
7,fan_in,30294,30294,True,2,0,1000000,2,bank
7,fan_in,41215,41215,True,2,0,1000000,2,bank
7,fan_in,14505,14505,True,2,0,1000000,2,bank
7,fan_in,39684,39684,True,2,0,1000000,2,bank
7,fan_in,20745,20745,True,2,0,1000000,2,bank
7,fan_in,33697,33697,True,2,0,1000000,2,bank
8,fan_in,11338,11338,True,2,0,1000000,2,bank
8,fan_in,34573,34573,True,2,0,1000000,2,bank
8,fan_in,979,979,True,2,0,1000000,2,bank
8,fan_in,7652,7652,True,2,0,1000000,2,bank
8,fan_in,2071,2071,True,2,0,1000000,2,bank
8,fan_in,27909,27909,True,2,0,1000000,2,bank
8,fan_in,43617,43617,True,2,0,1000000,2,bank
8,fan_in,29401,29401,True,2,0,1000000,2,bank
9,fan_in,725,725,True,2,0,1000000,2,bank
9,fan_in,15419,15419,True,2,0,1000000,2,bank
9,fan_in,26494,26494,True,2,0,1000000,2,bank
9,fan_in,9254,9254,True,2,0,1000000,2,bank
9,fan_in,31199,31199,True,2,0,1000000,2,bank
9,fan_in,2813,2813,True,2,0,1000000,2,bank
9,fan_in,8724,8724,True,2,0,1000000,2,bank
9,fan_in,43175,43175,True,2,0,1000000,2,bank
9,fan_in,38351,38351,True,2,0,1000000,2,bank
10,fan_in,3211,3211,True,2,0,1000000,2,bank
10,fan_in,407,407,True,2,0,1000000,2,bank
10,fan_in,14651,14651,True,2,0,1000000,2,bank
10,fan_in,34446,34446,True,2,0,1000000,2,bank
10,fan_in,1570,1570,True,2,0,1000000,2,bank
10,fan_in,44775,44775,True,2,0,1000000,2,bank
10,fan_in,6745,6745,True,2,0,1000000,2,bank
11,fan_in,3593,3593,True,2,0,1000000,2,bank
11,fan_in,29623,29623,True,2,0,1000000,2,bank
11,fan_in,17497,17497,True,2,0,1000000,2,bank
11,fan_in,36790,36790,True,2,0,1000000,2,bank
11,fan_in,12404,12404,True,2,0,1000000,2,bank
11,fan_in,19719,19719,True,2,0,1000000,2,bank
12,fan_in,4121,4121,True,2,0,1000000,2,bank
12,fan_in,25508,25508,True,2,0,1000000,2,bank
12,fan_in,26685,26685,True,2,0,1000000,2,bank
12,fan_in,5915,5915,True,2,0,1000000,2,bank
12,fan_in,4870,4870,True,2,0,1000000,2,bank
12,fan_in,35592,35592,True,2,0,1000000,2,bank
12,fan_in,46079,46079,True,2,0,1000000,2,bank
13,fan_in,782,782,True,2,0,1000000,2,bank
13,fan_in,39104,39104,True,2,0,1000000,2,bank
13,fan_in,49106,49106,True,2,0,1000000,2,bank
13,fan_in,25443,25443,True,2,0,1000000,2,bank
13,fan_in,6194,6194,True,2,0,1000000,2,bank
13,fan_in,1433,1433,True,2,0,1000000,2,bank
13,fan_in,35946,35946,True,2,0,1000000,2,bank
13,fan_in,27543,27543,True,2,0,1000000,2,bank
14,fan_in,3210,3210,True,2,0,1000000,2,bank
14,fan_in,36661,36661,True,2,0,1000000,2,bank
14,fan_in,136,136,True,2,0,1000000,2,bank
14,fan_in,14423,14423,True,2,0,1000000,2,bank
14,fan_in,33719,33719,True,2,0,1000000,2,bank
15,fan_in,11734,11734,True,2,0,1000000,2,bank
15,fan_in,5452,5452,True,2,0,1000000,2,bank
15,fan_in,33575,33575,True,2,0,1000000,2,bank
15,fan_in,45288,45288,True,2,0,1000000,2,bank
15,fan_in,43919,43919,True,2,0,1000000,2,bank
15,fan_in,48308,48308,True,2,0,1000000,2,bank
15,fan_in,29443,29443,True,2,0,1000000,2,bank
15,fan_in,4954,4954,True,2,0,1000000,2,bank
15,fan_in,9154,9154,True,2,0,1000000,2,bank
16,fan_in,11934,11934,True,2,0,1000000,2,bank
16,fan_in,10632,10632,True,2,0,1000000,2,bank
16,fan_in,13535,13535,True,2,0,1000000,2,bank
16,fan_in,30784,30784,True,2,0,1000000,2,bank
16,fan_in,49645,49645,True,2,0,1000000,2,bank
16,fan_in,24695,24695,True,2,0,1000000,2,bank
16,fan_in,28413,28413,True,2,0,1000000,2,bank
17,fan_in,1145,1145,True,2,0,1000000,2,bank
17,fan_in,9099,9099,True,2,0,1000000,2,bank
17,fan_in,43487,43487,True,2,0,1000000,2,bank
17,fan_in,30307,30307,True,2,0,1000000,2,bank
17,fan_in,29681,29681,True,2,0,1000000,2,bank
17,fan_in,25423,25423,True,2,0,1000000,2,bank
17,fan_in,33283,33283,True,2,0,1000000,2,bank
18,fan_in,634,634,True,2,0,1000000,2,bank
18,fan_in,38848,38848,True,2,0,1000000,2,bank
18,fan_in,34523,34523,True,2,0,1000000,2,bank
18,fan_in,10081,10081,True,2,0,1000000,2,bank
18,fan_in,25252,25252,True,2,0,1000000,2,bank
18,fan_in,35116,35116,True,2,0,1000000,2,bank
18,fan_in,8582,8582,True,2,0,1000000,2,bank
19,fan_in,1554,1554,True,2,0,1000000,2,bank
19,fan_in,10861,10861,True,2,0,1000000,2,bank
19,fan_in,36563,36563,True,2,0,1000000,2,bank
19,fan_in,3146,3146,True,2,0,1000000,2,bank
19,fan_in,6235,6235,True,2,0,1000000,2,bank
19,fan_in,14334,14334,True,2,0,1000000,2,bank
19,fan_in,43541,43541,True,2,0,1000000,2,bank
19,fan_in,12820,12820,True,2,0,1000000,2,bank
19,fan_in,16961,16961,True,2,0,1000000,2,bank
20,fan_in,11416,11416,True,2,0,1000000,2,bank
20,fan_in,32509,32509,True,2,0,1000000,2,bank
20,fan_in,30886,30886,True,2,0,1000000,2,bank
20,fan_in,44993,44993,True,2,0,1000000,2,bank
20,fan_in,21578,21578,True,2,0,1000000,2,bank
20,fan_in,5542,5542,True,2,0,1000000,2,bank
20,fan_in,42654,42654,True,2,0,1000000,2,bank
20,fan_in,8872,8872,True,2,0,1000000,2,bank
21,fan_in,1555,1555,True,2,0,1000000,2,bank
21,fan_in,35733,35733,True,2,0,1000000,2,bank
21,fan_in,36964,36964,True,2,0,1000000,2,bank
21,fan_in,41144,41144,True,2,0,1000000,2,bank
21,fan_in,23006,23006,True,2,0,1000000,2,bank
21,fan_in,47164,47164,True,2,0,1000000,2,bank
21,fan_in,22243,22243,True,2,0,1000000,2,bank
21,fan_in,45610,45610,True,2,0,1000000,2,bank
21,fan_in,14460,14460,True,2,0,1000000,2,bank
22,fan_in,300,300,True,2,0,1000000,2,bank
22,fan_in,17806,17806,True,2,0,1000000,2,bank
22,fan_in,49571,49571,True,2,0,1000000,2,bank
22,fan_in,15770,15770,True,2,0,1000000,2,bank
22,fan_in,8483,8483,True,2,0,1000000,2,bank
22,fan_in,47428,47428,True,2,0,1000000,2,bank
22,fan_in,27161,27161,True,2,0,1000000,2,bank
22,fan_in,33292,33292,True,2,0,1000000,2,bank
22,fan_in,14638,14638,True,2,0,1000000,2,bank
22,fan_in,43694,43694,True,2,0,1000000,2,bank
23,fan_in,1083,1083,True,2,0,1000000,2,bank
23,fan_in,8388,8388,True,2,0,1000000,2,bank
23,fan_in,23056,23056,True,2,0,1000000,2,bank
23,fan_in,21828,21828,True,2,0,1000000,2,bank
23,fan_in,3635,3635,True,2,0,1000000,2,bank
23,fan_in,33280,33280,True,2,0,1000000,2,bank
23,fan_in,6171,6171,True,2,0,1000000,2,bank
23,fan_in,22055,22055,True,2,0,1000000,2,bank
24,fan_in,561,561,True,2,0,1000000,2,bank
24,fan_in,9511,9511,True,2,0,1000000,2,bank
24,fan_in,40684,40684,True,2,0,1000000,2,bank
24,fan_in,28223,28223,True,2,0,1000000,2,bank
24,fan_in,37912,37912,True,2,0,1000000,2,bank
24,fan_in,42813,42813,True,2,0,1000000,2,bank
24,fan_in,415,415,True,2,0,1000000,2,bank
24,fan_in,26205,26205,True,2,0,1000000,2,bank
24,fan_in,29034,29034,True,2,0,1000000,2,bank
24,fan_in,27519,27519,True,2,0,1000000,2,bank
25,fan_in,3581,3581,True,2,0,1000000,2,bank
25,fan_in,37098,37098,True,2,0,1000000,2,bank
25,fan_in,19897,19897,True,2,0,1000000,2,bank
25,fan_in,41504,41504,True,2,0,1000000,2,bank
25,fan_in,12064,12064,True,2,0,1000000,2,bank
25,fan_in,23187,23187,True,2,0,1000000,2,bank
25,fan_in,22776,22776,True,2,0,1000000,2,bank
25,fan_in,37127,37127,True,2,0,1000000,2,bank
25,fan_in,37847,37847,True,2,0,1000000,2,bank
26,fan_in,467,467,True,2,0,1000000,2,bank
26,fan_in,39712,39712,True,2,0,1000000,2,bank
26,fan_in,13554,13554,True,2,0,1000000,2,bank
26,fan_in,29959,29959,True,2,0,1000000,2,bank
26,fan_in,9485,9485,True,2,0,1000000,2,bank
26,fan_in,38058,38058,True,2,0,1000000,2,bank
26,fan_in,35342,35342,True,2,0,1000000,2,bank
26,fan_in,38984,38984,True,2,0,1000000,2,bank
26,fan_in,17595,17595,True,2,0,1000000,2,bank
26,fan_in,39688,39688,True,2,0,1000000,2,bank
27,fan_in,2670,2670,True,2,0,1000000,2,bank
27,fan_in,45728,45728,True,2,0,1000000,2,bank
27,fan_in,23203,23203,True,2,0,1000000,2,bank
27,fan_in,2710,2710,True,2,0,1000000,2,bank
27,fan_in,47180,47180,True,2,0,1000000,2,bank
27,fan_in,24976,24976,True,2,0,1000000,2,bank
27,fan_in,42869,42869,True,2,0,1000000,2,bank
27,fan_in,3085,3085,True,2,0,1000000,2,bank
27,fan_in,25075,25075,True,2,0,1000000,2,bank
27,fan_in,48891,48891,True,2,0,1000000,2,bank
28,fan_in,2296,2296,True,2,0,1000000,2,bank
28,fan_in,17596,17596,True,2,0,1000000,2,bank
28,fan_in,29179,29179,True,2,0,1000000,2,bank
28,fan_in,7733,7733,True,2,0,1000000,2,bank
28,fan_in,15379,15379,True,2,0,1000000,2,bank
28,fan_in,4371,4371,True,2,0,1000000,2,bank
28,fan_in,34476,34476,True,2,0,1000000,2,bank
29,fan_in,244,244,True,2,0,1000000,2,bank
29,fan_in,22533,22533,True,2,0,1000000,2,bank
29,fan_in,43147,43147,True,2,0,1000000,2,bank
29,fan_in,31822,31822,True,2,0,1000000,2,bank
29,fan_in,20176,20176,True,2,0,1000000,2,bank
29,fan_in,10246,10246,True,2,0,1000000,2,bank
29,fan_in,30503,30503,True,2,0,1000000,2,bank
29,fan_in,47725,47725,True,2,0,1000000,2,bank
29,fan_in,29113,29113,True,2,0,1000000,2,bank
29,fan_in,46160,46160,True,2,0,1000000,2,bank
30,fan_in,3826,3826,True,2,0,1000000,2,bank
30,fan_in,44851,44851,True,2,0,1000000,2,bank
30,fan_in,16131,16131,True,2,0,1000000,2,bank
30,fan_in,33103,33103,True,2,0,1000000,2,bank
30,fan_in,31079,31079,True,2,0,1000000,2,bank
30,fan_in,5077,5077,True,2,0,1000000,2,bank
30,fan_in,38221,38221,True,2,0,1000000,2,bank
30,fan_in,2487,2487,True,2,0,1000000,2,bank
31,fan_in,4615,4615,True,2,0,1000000,2,bank
31,fan_in,31668,31668,True,2,0,1000000,2,bank
31,fan_in,21067,21067,True,2,0,1000000,2,bank
31,fan_in,84,84,True,2,0,1000000,2,bank
31,fan_in,19363,19363,True,2,0,1000000,2,bank
32,fan_in,4136,4136,True,2,0,1000000,2,bank
32,fan_in,9138,9138,True,2,0,1000000,2,bank
32,fan_in,16452,16452,True,2,0,1000000,2,bank
32,fan_in,26792,26792,True,2,0,1000000,2,bank
32,fan_in,38933,38933,True,2,0,1000000,2,bank
32,fan_in,44268,44268,True,2,0,1000000,2,bank
32,fan_in,38979,38979,True,2,0,1000000,2,bank
32,fan_in,12766,12766,True,2,0,1000000,2,bank
32,fan_in,39023,39023,True,2,0,1000000,2,bank
33,fan_in,2856,2856,True,2,0,1000000,2,bank
33,fan_in,25635,25635,True,2,0,1000000,2,bank
33,fan_in,10303,10303,True,2,0,1000000,2,bank
33,fan_in,26437,26437,True,2,0,1000000,2,bank
33,fan_in,41743,41743,True,2,0,1000000,2,bank
33,fan_in,33596,33596,True,2,0,1000000,2,bank
33,fan_in,33494,33494,True,2,0,1000000,2,bank
33,fan_in,7958,7958,True,2,0,1000000,2,bank
33,fan_in,29485,29485,True,2,0,1000000,2,bank
33,fan_in,39934,39934,True,2,0,1000000,2,bank
34,fan_in,12084,12084,True,2,0,1000000,2,bank
34,fan_in,17295,17295,True,2,0,1000000,2,bank
34,fan_in,32423,32423,True,2,0,1000000,2,bank
34,fan_in,6838,6838,True,2,0,1000000,2,bank
34,fan_in,28276,28276,True,2,0,1000000,2,bank
34,fan_in,15192,15192,True,2,0,1000000,2,bank
34,fan_in,3770,3770,True,2,0,1000000,2,bank
35,fan_in,11343,11343,True,2,0,1000000,2,bank
35,fan_in,7927,7927,True,2,0,1000000,2,bank
35,fan_in,41848,41848,True,2,0,1000000,2,bank
35,fan_in,45517,45517,True,2,0,1000000,2,bank
35,fan_in,24205,24205,True,2,0,1000000,2,bank
35,fan_in,12521,12521,True,2,0,1000000,2,bank
35,fan_in,13958,13958,True,2,0,1000000,2,bank
36,fan_in,3558,3558,True,2,0,1000000,2,bank
36,fan_in,17582,17582,True,2,0,1000000,2,bank
36,fan_in,3257,3257,True,2,0,1000000,2,bank
36,fan_in,20904,20904,True,2,0,1000000,2,bank
36,fan_in,9186,9186,True,2,0,1000000,2,bank
36,fan_in,38908,38908,True,2,0,1000000,2,bank
36,fan_in,45436,45436,True,2,0,1000000,2,bank
36,fan_in,48042,48042,True,2,0,1000000,2,bank
36,fan_in,11047,11047,True,2,0,1000000,2,bank
37,fan_in,2689,2689,True,2,0,1000000,2,bank
37,fan_in,8397,8397,True,2,0,1000000,2,bank
37,fan_in,35600,35600,True,2,0,1000000,2,bank
37,fan_in,36597,36597,True,2,0,1000000,2,bank
37,fan_in,13496,13496,True,2,0,1000000,2,bank
38,fan_in,11542,11542,True,2,0,1000000,2,bank
38,fan_in,29089,29089,True,2,0,1000000,2,bank
38,fan_in,4982,4982,True,2,0,1000000,2,bank
38,fan_in,19723,19723,True,2,0,1000000,2,bank
38,fan_in,11130,11130,True,2,0,1000000,2,bank
38,fan_in,13654,13654,True,2,0,1000000,2,bank
38,fan_in,28259,28259,True,2,0,1000000,2,bank
38,fan_in,33841,33841,True,2,0,1000000,2,bank
39,fan_in,11399,11399,True,2,0,1000000,2,bank
39,fan_in,48090,48090,True,2,0,1000000,2,bank
39,fan_in,26124,26124,True,2,0,1000000,2,bank
39,fan_in,6179,6179,True,2,0,1000000,2,bank
39,fan_in,13856,13856,True,2,0,1000000,2,bank
39,fan_in,1644,1644,True,2,0,1000000,2,bank
40,fan_in,11544,11544,True,2,0,1000000,2,bank
40,fan_in,19114,19114,True,2,0,1000000,2,bank
40,fan_in,28338,28338,True,2,0,1000000,2,bank
40,fan_in,4385,4385,True,2,0,1000000,2,bank
40,fan_in,20500,20500,True,2,0,1000000,2,bank
40,fan_in,43504,43504,True,2,0,1000000,2,bank
40,fan_in,46095,46095,True,2,0,1000000,2,bank
40,fan_in,10565,10565,True,2,0,1000000,2,bank
40,fan_in,35583,35583,True,2,0,1000000,2,bank
41,fan_in,1534,1534,True,2,0,1000000,2,bank
41,fan_in,41343,41343,True,2,0,1000000,2,bank
41,fan_in,38106,38106,True,2,0,1000000,2,bank
41,fan_in,37325,37325,True,2,0,1000000,2,bank
41,fan_in,2021,2021,True,2,0,1000000,2,bank
42,fan_in,669,669,True,2,0,1000000,2,bank
42,fan_in,42643,42643,True,2,0,1000000,2,bank
42,fan_in,40870,40870,True,2,0,1000000,2,bank
42,fan_in,28165,28165,True,2,0,1000000,2,bank
42,fan_in,18615,18615,True,2,0,1000000,2,bank
42,fan_in,6807,6807,True,2,0,1000000,2,bank
42,fan_in,30588,30588,True,2,0,1000000,2,bank
42,fan_in,20417,20417,True,2,0,1000000,2,bank
43,fan_in,3892,3892,True,2,0,1000000,2,bank
43,fan_in,3238,3238,True,2,0,1000000,2,bank
43,fan_in,18417,18417,True,2,0,1000000,2,bank
43,fan_in,27779,27779,True,2,0,1000000,2,bank
43,fan_in,7630,7630,True,2,0,1000000,2,bank
43,fan_in,26332,26332,True,2,0,1000000,2,bank
43,fan_in,14907,14907,True,2,0,1000000,2,bank
43,fan_in,4939,4939,True,2,0,1000000,2,bank
44,fan_in,3948,3948,True,2,0,1000000,2,bank
44,fan_in,44226,44226,True,2,0,1000000,2,bank
44,fan_in,29869,29869,True,2,0,1000000,2,bank
44,fan_in,7394,7394,True,2,0,1000000,2,bank
44,fan_in,8180,8180,True,2,0,1000000,2,bank
44,fan_in,49443,49443,True,2,0,1000000,2,bank
45,fan_in,250,250,True,2,0,1000000,2,bank
45,fan_in,42550,42550,True,2,0,1000000,2,bank
45,fan_in,39072,39072,True,2,0,1000000,2,bank
45,fan_in,2346,2346,True,2,0,1000000,2,bank
45,fan_in,15428,15428,True,2,0,1000000,2,bank
45,fan_in,44817,44817,True,2,0,1000000,2,bank
45,fan_in,22079,22079,True,2,0,1000000,2,bank
45,fan_in,1178,1178,True,2,0,1000000,2,bank
45,fan_in,13571,13571,True,2,0,1000000,2,bank
46,fan_in,262,262,True,2,0,1000000,2,bank
46,fan_in,40147,40147,True,2,0,1000000,2,bank
46,fan_in,46661,46661,True,2,0,1000000,2,bank
46,fan_in,14600,14600,True,2,0,1000000,2,bank
46,fan_in,12137,12137,True,2,0,1000000,2,bank
46,fan_in,30685,30685,True,2,0,1000000,2,bank
47,fan_in,11645,11645,True,2,0,1000000,2,bank
47,fan_in,545,545,True,2,0,1000000,2,bank
47,fan_in,23547,23547,True,2,0,1000000,2,bank
47,fan_in,46935,46935,True,2,0,1000000,2,bank
47,fan_in,35323,35323,True,2,0,1000000,2,bank
47,fan_in,41241,41241,True,2,0,1000000,2,bank
47,fan_in,25456,25456,True,2,0,1000000,2,bank
47,fan_in,37314,37314,True,2,0,1000000,2,bank
47,fan_in,35008,35008,True,2,0,1000000,2,bank
48,fan_out,3735,3735,True,1,0,1000000,2,bank
48,fan_out,5260,5260,True,1,0,1000000,2,bank
48,fan_out,30407,30407,True,1,0,1000000,2,bank
48,fan_out,25614,25614,True,1,0,1000000,2,bank
48,fan_out,5672,5672,True,1,0,1000000,2,bank
49,fan_out,346,346,True,1,0,1000000,2,bank
49,fan_out,3235,3235,True,1,0,1000000,2,bank
49,fan_out,15806,15806,True,1,0,1000000,2,bank
49,fan_out,22648,22648,True,1,0,1000000,2,bank
49,fan_out,46586,46586,True,1,0,1000000,2,bank
49,fan_out,17994,17994,True,1,0,1000000,2,bank
49,fan_out,5667,5667,True,1,0,1000000,2,bank
49,fan_out,44482,44482,True,1,0,1000000,2,bank
49,fan_out,29138,29138,True,1,0,1000000,2,bank
50,fan_out,4081,4081,True,1,0,1000000,2,bank
50,fan_out,8442,8442,True,1,0,1000000,2,bank
50,fan_out,3100,3100,True,1,0,1000000,2,bank
50,fan_out,4719,4719,True,1,0,1000000,2,bank
50,fan_out,22654,22654,True,1,0,1000000,2,bank
50,fan_out,16162,16162,True,1,0,1000000,2,bank
50,fan_out,33123,33123,True,1,0,1000000,2,bank
50,fan_out,49410,49410,True,1,0,1000000,2,bank
50,fan_out,45470,45470,True,1,0,1000000,2,bank
50,fan_out,27866,27866,True,1,0,1000000,2,bank
51,fan_out,1142,1142,True,1,0,1000000,2,bank
51,fan_out,527,527,True,1,0,1000000,2,bank
51,fan_out,11014,11014,True,1,0,1000000,2,bank
51,fan_out,43359,43359,True,1,0,1000000,2,bank
51,fan_out,19611,19611,True,1,0,1000000,2,bank
51,fan_out,7297,7297,True,1,0,1000000,2,bank
51,fan_out,13484,13484,True,1,0,1000000,2,bank
51,fan_out,42106,42106,True,1,0,1000000,2,bank
52,fan_out,1487,1487,True,1,0,1000000,2,bank
52,fan_out,29266,29266,True,1,0,1000000,2,bank
52,fan_out,40501,40501,True,1,0,1000000,2,bank
52,fan_out,8876,8876,True,1,0,1000000,2,bank
52,fan_out,36163,36163,True,1,0,1000000,2,bank
52,fan_out,44780,44780,True,1,0,1000000,2,bank
52,fan_out,3233,3233,True,1,0,1000000,2,bank
53,fan_out,3386,3386,True,1,0,1000000,2,bank
53,fan_out,398,398,True,1,0,1000000,2,bank
53,fan_out,13388,13388,True,1,0,1000000,2,bank
53,fan_out,34199,34199,True,1,0,1000000,2,bank
53,fan_out,29753,29753,True,1,0,1000000,2,bank
54,fan_out,11349,11349,True,1,0,1000000,2,bank
54,fan_out,26521,26521,True,1,0,1000000,2,bank
54,fan_out,39171,39171,True,1,0,1000000,2,bank
54,fan_out,35400,35400,True,1,0,1000000,2,bank
54,fan_out,31279,31279,True,1,0,1000000,2,bank
55,fan_out,11772,11772,True,1,0,1000000,2,bank
55,fan_out,4701,4701,True,1,0,1000000,2,bank
55,fan_out,42258,42258,True,1,0,1000000,2,bank
55,fan_out,24569,24569,True,1,0,1000000,2,bank
55,fan_out,20885,20885,True,1,0,1000000,2,bank
55,fan_out,41765,41765,True,1,0,1000000,2,bank
55,fan_out,29000,29000,True,1,0,1000000,2,bank
55,fan_out,26299,26299,True,1,0,1000000,2,bank
56,fan_out,1715,1715,True,1,0,1000000,2,bank
56,fan_out,40179,40179,True,1,0,1000000,2,bank
56,fan_out,24578,24578,True,1,0,1000000,2,bank
56,fan_out,33444,33444,True,1,0,1000000,2,bank
56,fan_out,28984,28984,True,1,0,1000000,2,bank
57,fan_out,730,730,True,1,0,1000000,2,bank
57,fan_out,39455,39455,True,1,0,1000000,2,bank
57,fan_out,38796,38796,True,1,0,1000000,2,bank
57,fan_out,12510,12510,True,1,0,1000000,2,bank
57,fan_out,2224,2224,True,1,0,1000000,2,bank
57,fan_out,25822,25822,True,1,0,1000000,2,bank
57,fan_out,17869,17869,True,1,0,1000000,2,bank
58,fan_out,3555,3555,True,1,0,1000000,2,bank
58,fan_out,4498,4498,True,1,0,1000000,2,bank
58,fan_out,40577,40577,True,1,0,1000000,2,bank
58,fan_out,8145,8145,True,1,0,1000000,2,bank
58,fan_out,25271,25271,True,1,0,1000000,2,bank
58,fan_out,21596,21596,True,1,0,1000000,2,bank
58,fan_out,28575,28575,True,1,0,1000000,2,bank
58,fan_out,31075,31075,True,1,0,1000000,2,bank
58,fan_out,47295,47295,True,1,0,1000000,2,bank
58,fan_out,5827,5827,True,1,0,1000000,2,bank
59,fan_out,3318,3318,True,1,0,1000000,2,bank
59,fan_out,22910,22910,True,1,0,1000000,2,bank
59,fan_out,8676,8676,True,1,0,1000000,2,bank
59,fan_out,36415,36415,True,1,0,1000000,2,bank
59,fan_out,31222,31222,True,1,0,1000000,2,bank
59,fan_out,44555,44555,True,1,0,1000000,2,bank
59,fan_out,46792,46792,True,1,0,1000000,2,bank
59,fan_out,29181,29181,True,1,0,1000000,2,bank
60,fan_out,4281,4281,True,1,0,1000000,2,bank
60,fan_out,41834,41834,True,1,0,1000000,2,bank
60,fan_out,37575,37575,True,1,0,1000000,2,bank
60,fan_out,3959,3959,True,1,0,1000000,2,bank
60,fan_out,8444,8444,True,1,0,1000000,2,bank
60,fan_out,31398,31398,True,1,0,1000000,2,bank
60,fan_out,24630,24630,True,1,0,1000000,2,bank
61,fan_out,3025,3025,True,1,0,1000000,2,bank
61,fan_out,46550,46550,True,1,0,1000000,2,bank
61,fan_out,44231,44231,True,1,0,1000000,2,bank
61,fan_out,47010,47010,True,1,0,1000000,2,bank
61,fan_out,39747,39747,True,1,0,1000000,2,bank
61,fan_out,38050,38050,True,1,0,1000000,2,bank
62,fan_out,608,608,True,1,0,1000000,2,bank
62,fan_out,13073,13073,True,1,0,1000000,2,bank
62,fan_out,39547,39547,True,1,0,1000000,2,bank
62,fan_out,16033,16033,True,1,0,1000000,2,bank
62,fan_out,44799,44799,True,1,0,1000000,2,bank
62,fan_out,19565,19565,True,1,0,1000000,2,bank
63,fan_out,428,428,True,1,0,1000000,2,bank
63,fan_out,2701,2701,True,1,0,1000000,2,bank
63,fan_out,17970,17970,True,1,0,1000000,2,bank
63,fan_out,45984,45984,True,1,0,1000000,2,bank
63,fan_out,33402,33402,True,1,0,1000000,2,bank
63,fan_out,50006,50006,True,1,0,1000000,2,bank
63,fan_out,27101,27101,True,1,0,1000000,2,bank
64,fan_out,951,951,True,1,0,1000000,2,bank
64,fan_out,21055,21055,True,1,0,1000000,2,bank
64,fan_out,38300,38300,True,1,0,1000000,2,bank
64,fan_out,13215,13215,True,1,0,1000000,2,bank
64,fan_out,37698,37698,True,1,0,1000000,2,bank
64,fan_out,4906,4906,True,1,0,1000000,2,bank
65,fan_out,1567,1567,True,1,0,1000000,2,bank
65,fan_out,45394,45394,True,1,0,1000000,2,bank
65,fan_out,18879,18879,True,1,0,1000000,2,bank
65,fan_out,38835,38835,True,1,0,1000000,2,bank
65,fan_out,9277,9277,True,1,0,1000000,2,bank
65,fan_out,16479,16479,True,1,0,1000000,2,bank
65,fan_out,33906,33906,True,1,0,1000000,2,bank
66,fan_out,1344,1344,True,1,0,1000000,2,bank
66,fan_out,12511,12511,True,1,0,1000000,2,bank
66,fan_out,32901,32901,True,1,0,1000000,2,bank
66,fan_out,22058,22058,True,1,0,1000000,2,bank
66,fan_out,4685,4685,True,1,0,1000000,2,bank
66,fan_out,13603,13603,True,1,0,1000000,2,bank
66,fan_out,38270,38270,True,1,0,1000000,2,bank
66,fan_out,23173,23173,True,1,0,1000000,2,bank
66,fan_out,3451,3451,True,1,0,1000000,2,bank
67,fan_out,3806,3806,True,1,0,1000000,2,bank
67,fan_out,12626,12626,True,1,0,1000000,2,bank
67,fan_out,31713,31713,True,1,0,1000000,2,bank
67,fan_out,18134,18134,True,1,0,1000000,2,bank
67,fan_out,4146,4146,True,1,0,1000000,2,bank
67,fan_out,37957,37957,True,1,0,1000000,2,bank
67,fan_out,43998,43998,True,1,0,1000000,2,bank
67,fan_out,42810,42810,True,1,0,1000000,2,bank
68,fan_out,276,276,True,1,0,1000000,2,bank
68,fan_out,16125,16125,True,1,0,1000000,2,bank
68,fan_out,14245,14245,True,1,0,1000000,2,bank
68,fan_out,15222,15222,True,1,0,1000000,2,bank
68,fan_out,8965,8965,True,1,0,1000000,2,bank
69,fan_out,4169,4169,True,1,0,1000000,2,bank
69,fan_out,17272,17272,True,1,0,1000000,2,bank
69,fan_out,25582,25582,True,1,0,1000000,2,bank
69,fan_out,27905,27905,True,1,0,1000000,2,bank
69,fan_out,12782,12782,True,1,0,1000000,2,bank
69,fan_out,16987,16987,True,1,0,1000000,2,bank
69,fan_out,42549,42549,True,1,0,1000000,2,bank
70,fan_out,1329,1329,True,1,0,1000000,2,bank
70,fan_out,48588,48588,True,1,0,1000000,2,bank
70,fan_out,11410,11410,True,1,0,1000000,2,bank
70,fan_out,3648,3648,True,1,0,1000000,2,bank
70,fan_out,36822,36822,True,1,0,1000000,2,bank
70,fan_out,13334,13334,True,1,0,1000000,2,bank
70,fan_out,1738,1738,True,1,0,1000000,2,bank
71,fan_out,1509,1509,True,1,0,1000000,2,bank
71,fan_out,36120,36120,True,1,0,1000000,2,bank
71,fan_out,49395,49395,True,1,0,1000000,2,bank
71,fan_out,24881,24881,True,1,0,1000000,2,bank
71,fan_out,20642,20642,True,1,0,1000000,2,bank
71,fan_out,33512,33512,True,1,0,1000000,2,bank
71,fan_out,24873,24873,True,1,0,1000000,2,bank
71,fan_out,17169,17169,True,1,0,1000000,2,bank
72,fan_out,199,199,True,1,0,1000000,2,bank
72,fan_out,31553,31553,True,1,0,1000000,2,bank
72,fan_out,8448,8448,True,1,0,1000000,2,bank
72,fan_out,36026,36026,True,1,0,1000000,2,bank
72,fan_out,27212,27212,True,1,0,1000000,2,bank
73,fan_out,11248,11248,True,1,0,1000000,2,bank
73,fan_out,13650,13650,True,1,0,1000000,2,bank
73,fan_out,41741,41741,True,1,0,1000000,2,bank
73,fan_out,27095,27095,True,1,0,1000000,2,bank
73,fan_out,26952,26952,True,1,0,1000000,2,bank
74,fan_out,659,659,True,1,0,1000000,2,bank
74,fan_out,31288,31288,True,1,0,1000000,2,bank
74,fan_out,42434,42434,True,1,0,1000000,2,bank
74,fan_out,5606,5606,True,1,0,1000000,2,bank
74,fan_out,15278,15278,True,1,0,1000000,2,bank
74,fan_out,13437,13437,True,1,0,1000000,2,bank
74,fan_out,1891,1891,True,1,0,1000000,2,bank
74,fan_out,534,534,True,1,0,1000000,2,bank
74,fan_out,1372,1372,True,1,0,1000000,2,bank
74,fan_out,7168,7168,True,1,0,1000000,2,bank
75,fan_out,765,765,True,1,0,1000000,2,bank
75,fan_out,11929,11929,True,1,0,1000000,2,bank
75,fan_out,16645,16645,True,1,0,1000000,2,bank
75,fan_out,29492,29492,True,1,0,1000000,2,bank
75,fan_out,19230,19230,True,1,0,1000000,2,bank
75,fan_out,26917,26917,True,1,0,1000000,2,bank
75,fan_out,1303,1303,True,1,0,1000000,2,bank
75,fan_out,6691,6691,True,1,0,1000000,2,bank
76,fan_out,2418,2418,True,1,0,1000000,2,bank
76,fan_out,23063,23063,True,1,0,1000000,2,bank
76,fan_out,39721,39721,True,1,0,1000000,2,bank
76,fan_out,40384,40384,True,1,0,1000000,2,bank
76,fan_out,46562,46562,True,1,0,1000000,2,bank
76,fan_out,44079,44079,True,1,0,1000000,2,bank
76,fan_out,21825,21825,True,1,0,1000000,2,bank
77,fan_out,3704,3704,True,1,0,1000000,2,bank
77,fan_out,36142,36142,True,1,0,1000000,2,bank
77,fan_out,36745,36745,True,1,0,1000000,2,bank
77,fan_out,21014,21014,True,1,0,1000000,2,bank
77,fan_out,46902,46902,True,1,0,1000000,2,bank
77,fan_out,26566,26566,True,1,0,1000000,2,bank
77,fan_out,11650,11650,True,1,0,1000000,2,bank
77,fan_out,1095,1095,True,1,0,1000000,2,bank
77,fan_out,7850,7850,True,1,0,1000000,2,bank
78,fan_out,11289,11289,True,1,0,1000000,2,bank
78,fan_out,34065,34065,True,1,0,1000000,2,bank
78,fan_out,25250,25250,True,1,0,1000000,2,bank
78,fan_out,28820,28820,True,1,0,1000000,2,bank
78,fan_out,24513,24513,True,1,0,1000000,2,bank
79,fan_out,1739,1739,True,1,0,1000000,2,bank
79,fan_out,24462,24462,True,1,0,1000000,2,bank
79,fan_out,14472,14472,True,1,0,1000000,2,bank
79,fan_out,40429,40429,True,1,0,1000000,2,bank
79,fan_out,38119,38119,True,1,0,1000000,2,bank
79,fan_out,45358,45358,True,1,0,1000000,2,bank
79,fan_out,49390,49390,True,1,0,1000000,2,bank
79,fan_out,48408,48408,True,1,0,1000000,2,bank
80,fan_out,34,34,True,1,0,1000000,2,bank
80,fan_out,10407,10407,True,1,0,1000000,2,bank
80,fan_out,7400,7400,True,1,0,1000000,2,bank
80,fan_out,5083,5083,True,1,0,1000000,2,bank
80,fan_out,9587,9587,True,1,0,1000000,2,bank
80,fan_out,27598,27598,True,1,0,1000000,2,bank
80,fan_out,37803,37803,True,1,0,1000000,2,bank
80,fan_out,37404,37404,True,1,0,1000000,2,bank
80,fan_out,43707,43707,True,1,0,1000000,2,bank
81,fan_out,3772,3772,True,1,0,1000000,2,bank
81,fan_out,25247,25247,True,1,0,1000000,2,bank
81,fan_out,25917,25917,True,1,0,1000000,2,bank
81,fan_out,36883,36883,True,1,0,1000000,2,bank
81,fan_out,15645,15645,True,1,0,1000000,2,bank
81,fan_out,13456,13456,True,1,0,1000000,2,bank
82,fan_out,962,962,True,1,0,1000000,2,bank
82,fan_out,672,672,True,1,0,1000000,2,bank
82,fan_out,23531,23531,True,1,0,1000000,2,bank
82,fan_out,14578,14578,True,1,0,1000000,2,bank
82,fan_out,44515,44515,True,1,0,1000000,2,bank
82,fan_out,20986,20986,True,1,0,1000000,2,bank
82,fan_out,20919,20919,True,1,0,1000000,2,bank
83,fan_out,4506,4506,True,1,0,1000000,2,bank
83,fan_out,13863,13863,True,1,0,1000000,2,bank
83,fan_out,17770,17770,True,1,0,1000000,2,bank
83,fan_out,10480,10480,True,1,0,1000000,2,bank
83,fan_out,7045,7045,True,1,0,1000000,2,bank
83,fan_out,6715,6715,True,1,0,1000000,2,bank
83,fan_out,28719,28719,True,1,0,1000000,2,bank
83,fan_out,34170,34170,True,1,0,1000000,2,bank
83,fan_out,2365,2365,True,1,0,1000000,2,bank
84,fan_out,1218,1218,True,1,0,1000000,2,bank
84,fan_out,27721,27721,True,1,0,1000000,2,bank
84,fan_out,15308,15308,True,1,0,1000000,2,bank
84,fan_out,28902,28902,True,1,0,1000000,2,bank
84,fan_out,2,2,True,1,0,1000000,2,bank
84,fan_out,33778,33778,True,1,0,1000000,2,bank
85,fan_out,11626,11626,True,1,0,1000000,2,bank
85,fan_out,27370,27370,True,1,0,1000000,2,bank
85,fan_out,3993,3993,True,1,0,1000000,2,bank
85,fan_out,35327,35327,True,1,0,1000000,2,bank
85,fan_out,31284,31284,True,1,0,1000000,2,bank
86,fan_out,4339,4339,True,1,0,1000000,2,bank
86,fan_out,9010,9010,True,1,0,1000000,2,bank
86,fan_out,18325,18325,True,1,0,1000000,2,bank
86,fan_out,4967,4967,True,1,0,1000000,2,bank
86,fan_out,10506,10506,True,1,0,1000000,2,bank
87,fan_out,1551,1551,True,1,0,1000000,2,bank
87,fan_out,134,134,True,1,0,1000000,2,bank
87,fan_out,18598,18598,True,1,0,1000000,2,bank
87,fan_out,1749,1749,True,1,0,1000000,2,bank
87,fan_out,4303,4303,True,1,0,1000000,2,bank
87,fan_out,36021,36021,True,1,0,1000000,2,bank
87,fan_out,25968,25968,True,1,0,1000000,2,bank
87,fan_out,13966,13966,True,1,0,1000000,2,bank
88,fan_out,4320,4320,True,1,0,1000000,2,bank
88,fan_out,3168,3168,True,1,0,1000000,2,bank
88,fan_out,39109,39109,True,1,0,1000000,2,bank
88,fan_out,668,668,True,1,0,1000000,2,bank
88,fan_out,37591,37591,True,1,0,1000000,2,bank
88,fan_out,35069,35069,True,1,0,1000000,2,bank
89,fan_out,3224,3224,True,1,0,1000000,2,bank
89,fan_out,32970,32970,True,1,0,1000000,2,bank
89,fan_out,13000,13000,True,1,0,1000000,2,bank
89,fan_out,2520,2520,True,1,0,1000000,2,bank
89,fan_out,19946,19946,True,1,0,1000000,2,bank
90,fan_out,597,597,True,1,0,1000000,2,bank
90,fan_out,49488,49488,True,1,0,1000000,2,bank
90,fan_out,40066,40066,True,1,0,1000000,2,bank
90,fan_out,24265,24265,True,1,0,1000000,2,bank
90,fan_out,21445,21445,True,1,0,1000000,2,bank
90,fan_out,31837,31837,True,1,0,1000000,2,bank
90,fan_out,32729,32729,True,1,0,1000000,2,bank
90,fan_out,24000,24000,True,1,0,1000000,2,bank
90,fan_out,44701,44701,True,1,0,1000000,2,bank
90,fan_out,30618,30618,True,1,0,1000000,2,bank
91,fan_out,2849,2849,True,1,0,1000000,2,bank
91,fan_out,23272,23272,True,1,0,1000000,2,bank
91,fan_out,38440,38440,True,1,0,1000000,2,bank
91,fan_out,18122,18122,True,1,0,1000000,2,bank
91,fan_out,8379,8379,True,1,0,1000000,2,bank
91,fan_out,28932,28932,True,1,0,1000000,2,bank
91,fan_out,43002,43002,True,1,0,1000000,2,bank
91,fan_out,35708,35708,True,1,0,1000000,2,bank
91,fan_out,6739,6739,True,1,0,1000000,2,bank
92,fan_out,723,723,True,1,0,1000000,2,bank
92,fan_out,21231,21231,True,1,0,1000000,2,bank
92,fan_out,28331,28331,True,1,0,1000000,2,bank
92,fan_out,43308,43308,True,1,0,1000000,2,bank
92,fan_out,46530,46530,True,1,0,1000000,2,bank
92,fan_out,9956,9956,True,1,0,1000000,2,bank
92,fan_out,34403,34403,True,1,0,1000000,2,bank
92,fan_out,49400,49400,True,1,0,1000000,2,bank
93,fan_out,12004,12004,True,1,0,1000000,2,bank
93,fan_out,46618,46618,True,1,0,1000000,2,bank
93,fan_out,36311,36311,True,1,0,1000000,2,bank
93,fan_out,6148,6148,True,1,0,1000000,2,bank
93,fan_out,30808,30808,True,1,0,1000000,2,bank
93,fan_out,33736,33736,True,1,0,1000000,2,bank
93,fan_out,43888,43888,True,1,0,1000000,2,bank
93,fan_out,6259,6259,True,1,0,1000000,2,bank
93,fan_out,5104,5104,True,1,0,1000000,2,bank
93,fan_out,10541,10541,True,1,0,1000000,2,bank
94,fan_out,3112,3112,True,1,0,1000000,2,bank
94,fan_out,48032,48032,True,1,0,1000000,2,bank
94,fan_out,1727,1727,True,1,0,1000000,2,bank
94,fan_out,37897,37897,True,1,0,1000000,2,bank
94,fan_out,8410,8410,True,1,0,1000000,2,bank
94,fan_out,41558,41558,True,1,0,1000000,2,bank
94,fan_out,36433,36433,True,1,0,1000000,2,bank
94,fan_out,3829,3829,True,1,0,1000000,2,bank
94,fan_out,39376,39376,True,1,0,1000000,2,bank
95,fan_out,612,612,True,1,0,1000000,2,bank
95,fan_out,26843,26843,True,1,0,1000000,2,bank
95,fan_out,9067,9067,True,1,0,1000000,2,bank
95,fan_out,15131,15131,True,1,0,1000000,2,bank
95,fan_out,14489,14489,True,1,0,1000000,2,bank
96,cycle,1580,1580,True,3,0,1000000,2,bank
96,cycle,3758,3758,True,3,0,1000000,2,bank
96,cycle,38219,38219,True,3,0,1000000,2,bank
96,cycle,17880,17880,True,3,0,1000000,2,bank
96,cycle,32068,32068,True,3,0,1000000,2,bank
96,cycle,47751,47751,True,3,0,1000000,2,bank
96,cycle,37114,37114,True,3,0,1000000,2,bank
96,cycle,48275,48275,True,3,0,1000000,2,bank
97,cycle,4568,4568,True,3,0,1000000,2,bank
97,cycle,36052,36052,True,3,0,1000000,2,bank
97,cycle,45857,45857,True,3,0,1000000,2,bank
97,cycle,6383,6383,True,3,0,1000000,2,bank
97,cycle,6763,6763,True,3,0,1000000,2,bank
97,cycle,21340,21340,True,3,0,1000000,2,bank
97,cycle,26497,26497,True,3,0,1000000,2,bank
98,cycle,1801,1801,True,3,0,1000000,2,bank
98,cycle,48139,48139,True,3,0,1000000,2,bank
98,cycle,10240,10240,True,3,0,1000000,2,bank
98,cycle,10210,10210,True,3,0,1000000,2,bank
98,cycle,15540,15540,True,3,0,1000000,2,bank
98,cycle,10097,10097,True,3,0,1000000,2,bank
98,cycle,8005,8005,True,3,0,1000000,2,bank
98,cycle,37514,37514,True,3,0,1000000,2,bank
99,cycle,2277,2277,True,3,0,1000000,2,bank
99,cycle,45744,45744,True,3,0,1000000,2,bank
99,cycle,15031,15031,True,3,0,1000000,2,bank
99,cycle,19741,19741,True,3,0,1000000,2,bank
99,cycle,35997,35997,True,3,0,1000000,2,bank
100,cycle,2129,2129,True,3,0,1000000,2,bank
100,cycle,7156,7156,True,3,0,1000000,2,bank
100,cycle,39420,39420,True,3,0,1000000,2,bank
100,cycle,14414,14414,True,3,0,1000000,2,bank
100,cycle,46372,46372,True,3,0,1000000,2,bank
100,cycle,7814,7814,True,3,0,1000000,2,bank
100,cycle,12372,12372,True,3,0,1000000,2,bank
101,cycle,2693,2693,True,3,0,1000000,2,bank
101,cycle,22875,22875,True,3,0,1000000,2,bank
101,cycle,12411,12411,True,3,0,1000000,2,bank
101,cycle,1514,1514,True,3,0,1000000,2,bank
101,cycle,24222,24222,True,3,0,1000000,2,bank
102,cycle,2288,2288,True,3,0,1000000,2,bank
102,cycle,33114,33114,True,3,0,1000000,2,bank
102,cycle,40879,40879,True,3,0,1000000,2,bank
102,cycle,30975,30975,True,3,0,1000000,2,bank
102,cycle,17992,17992,True,3,0,1000000,2,bank
102,cycle,29627,29627,True,3,0,1000000,2,bank
102,cycle,17820,17820,True,3,0,1000000,2,bank
102,cycle,36627,36627,True,3,0,1000000,2,bank
102,cycle,2981,2981,True,3,0,1000000,2,bank
102,cycle,41671,41671,True,3,0,1000000,2,bank
103,cycle,2756,2756,True,3,0,1000000,2,bank
103,cycle,12467,12467,True,3,0,1000000,2,bank
103,cycle,16542,16542,True,3,0,1000000,2,bank
103,cycle,35607,35607,True,3,0,1000000,2,bank
103,cycle,20213,20213,True,3,0,1000000,2,bank
103,cycle,36965,36965,True,3,0,1000000,2,bank
103,cycle,39092,39092,True,3,0,1000000,2,bank
103,cycle,47495,47495,True,3,0,1000000,2,bank
104,cycle,397,397,True,3,0,1000000,2,bank
104,cycle,40202,40202,True,3,0,1000000,2,bank
104,cycle,7469,7469,True,3,0,1000000,2,bank
104,cycle,34178,34178,True,3,0,1000000,2,bank
104,cycle,43278,43278,True,3,0,1000000,2,bank
104,cycle,13353,13353,True,3,0,1000000,2,bank
104,cycle,32329,32329,True,3,0,1000000,2,bank
105,cycle,2392,2392,True,3,0,1000000,2,bank
105,cycle,35064,35064,True,3,0,1000000,2,bank
105,cycle,1397,1397,True,3,0,1000000,2,bank
105,cycle,25827,25827,True,3,0,1000000,2,bank
105,cycle,22555,22555,True,3,0,1000000,2,bank
105,cycle,42472,42472,True,3,0,1000000,2,bank
106,cycle,4573,4573,True,3,0,1000000,2,bank
106,cycle,45292,45292,True,3,0,1000000,2,bank
106,cycle,35200,35200,True,3,0,1000000,2,bank
106,cycle,49338,49338,True,3,0,1000000,2,bank
106,cycle,32368,32368,True,3,0,1000000,2,bank
106,cycle,22782,22782,True,3,0,1000000,2,bank
107,cycle,1357,1357,True,3,0,1000000,2,bank
107,cycle,48892,48892,True,3,0,1000000,2,bank
107,cycle,20397,20397,True,3,0,1000000,2,bank
107,cycle,33178,33178,True,3,0,1000000,2,bank
107,cycle,31773,31773,True,3,0,1000000,2,bank
107,cycle,21203,21203,True,3,0,1000000,2,bank
107,cycle,30021,30021,True,3,0,1000000,2,bank
107,cycle,45958,45958,True,3,0,1000000,2,bank
108,cycle,3716,3716,True,3,0,1000000,2,bank
108,cycle,38450,38450,True,3,0,1000000,2,bank
108,cycle,3036,3036,True,3,0,1000000,2,bank
108,cycle,16584,16584,True,3,0,1000000,2,bank
108,cycle,32820,32820,True,3,0,1000000,2,bank
108,cycle,48075,48075,True,3,0,1000000,2,bank
108,cycle,22130,22130,True,3,0,1000000,2,bank
108,cycle,15498,15498,True,3,0,1000000,2,bank
109,cycle,2242,2242,True,3,0,1000000,2,bank
109,cycle,17699,17699,True,3,0,1000000,2,bank
109,cycle,41875,41875,True,3,0,1000000,2,bank
109,cycle,19727,19727,True,3,0,1000000,2,bank
109,cycle,42426,42426,True,3,0,1000000,2,bank
109,cycle,36653,36653,True,3,0,1000000,2,bank
109,cycle,33560,33560,True,3,0,1000000,2,bank
109,cycle,24591,24591,True,3,0,1000000,2,bank
109,cycle,44847,44847,True,3,0,1000000,2,bank
110,cycle,1560,1560,True,3,0,1000000,2,bank
110,cycle,48509,48509,True,3,0,1000000,2,bank
110,cycle,1228,1228,True,3,0,1000000,2,bank
110,cycle,31359,31359,True,3,0,1000000,2,bank
110,cycle,13565,13565,True,3,0,1000000,2,bank
110,cycle,1313,1313,True,3,0,1000000,2,bank
110,cycle,3548,3548,True,3,0,1000000,2,bank
110,cycle,19768,19768,True,3,0,1000000,2,bank
111,cycle,11548,11548,True,3,0,1000000,2,bank
111,cycle,12126,12126,True,3,0,1000000,2,bank
111,cycle,1978,1978,True,3,0,1000000,2,bank
111,cycle,26530,26530,True,3,0,1000000,2,bank
111,cycle,29150,29150,True,3,0,1000000,2,bank
112,cycle,11230,11230,True,3,0,1000000,2,bank
112,cycle,13657,13657,True,3,0,1000000,2,bank
112,cycle,10004,10004,True,3,0,1000000,2,bank
112,cycle,37384,37384,True,3,0,1000000,2,bank
112,cycle,38159,38159,True,3,0,1000000,2,bank
112,cycle,5637,5637,True,3,0,1000000,2,bank
113,cycle,2666,2666,True,3,0,1000000,2,bank
113,cycle,12751,12751,True,3,0,1000000,2,bank
113,cycle,48398,48398,True,3,0,1000000,2,bank
113,cycle,16641,16641,True,3,0,1000000,2,bank
113,cycle,45824,45824,True,3,0,1000000,2,bank
113,cycle,37538,37538,True,3,0,1000000,2,bank
113,cycle,9842,9842,True,3,0,1000000,2,bank
114,cycle,1621,1621,True,3,0,1000000,2,bank
114,cycle,41894,41894,True,3,0,1000000,2,bank
114,cycle,13328,13328,True,3,0,1000000,2,bank
114,cycle,11635,11635,True,3,0,1000000,2,bank
114,cycle,12322,12322,True,3,0,1000000,2,bank
115,cycle,11340,11340,True,3,0,1000000,2,bank
115,cycle,42477,42477,True,3,0,1000000,2,bank
115,cycle,16124,16124,True,3,0,1000000,2,bank
115,cycle,14157,14157,True,3,0,1000000,2,bank
115,cycle,35109,35109,True,3,0,1000000,2,bank
115,cycle,30065,30065,True,3,0,1000000,2,bank
115,cycle,44214,44214,True,3,0,1000000,2,bank
116,cycle,3447,3447,True,3,0,1000000,2,bank
116,cycle,19003,19003,True,3,0,1000000,2,bank
116,cycle,39641,39641,True,3,0,1000000,2,bank
116,cycle,975,975,True,3,0,1000000,2,bank
116,cycle,5833,5833,True,3,0,1000000,2,bank
116,cycle,26791,26791,True,3,0,1000000,2,bank
117,cycle,2430,2430,True,3,0,1000000,2,bank
117,cycle,35536,35536,True,3,0,1000000,2,bank
117,cycle,31119,31119,True,3,0,1000000,2,bank
117,cycle,30772,30772,True,3,0,1000000,2,bank
117,cycle,48484,48484,True,3,0,1000000,2,bank
117,cycle,30998,30998,True,3,0,1000000,2,bank
117,cycle,44394,44394,True,3,0,1000000,2,bank
117,cycle,19386,19386,True,3,0,1000000,2,bank
117,cycle,10500,10500,True,3,0,1000000,2,bank
117,cycle,1274,1274,True,3,0,1000000,2,bank
118,cycle,1670,1670,True,3,0,1000000,2,bank
118,cycle,24638,24638,True,3,0,1000000,2,bank
118,cycle,16607,16607,True,3,0,1000000,2,bank
118,cycle,24043,24043,True,3,0,1000000,2,bank
118,cycle,18128,18128,True,3,0,1000000,2,bank
118,cycle,42240,42240,True,3,0,1000000,2,bank
118,cycle,29738,29738,True,3,0,1000000,2,bank
119,cycle,3345,3345,True,3,0,1000000,2,bank
119,cycle,48495,48495,True,3,0,1000000,2,bank
119,cycle,29668,29668,True,3,0,1000000,2,bank
119,cycle,41940,41940,True,3,0,1000000,2,bank
119,cycle,42359,42359,True,3,0,1000000,2,bank
120,cycle,1354,1354,True,3,0,1000000,2,bank
120,cycle,11812,11812,True,3,0,1000000,2,bank
120,cycle,24357,24357,True,3,0,1000000,2,bank
120,cycle,2864,2864,True,3,0,1000000,2,bank
120,cycle,48564,48564,True,3,0,1000000,2,bank
121,cycle,456,456,True,3,0,1000000,2,bank
121,cycle,33395,33395,True,3,0,1000000,2,bank
121,cycle,22378,22378,True,3,0,1000000,2,bank
121,cycle,40406,40406,True,3,0,1000000,2,bank
121,cycle,36599,36599,True,3,0,1000000,2,bank
121,cycle,30932,30932,True,3,0,1000000,2,bank
121,cycle,23303,23303,True,3,0,1000000,2,bank
121,cycle,7511,7511,True,3,0,1000000,2,bank
121,cycle,49516,49516,True,3,0,1000000,2,bank
122,cycle,1775,1775,True,3,0,1000000,2,bank
122,cycle,38465,38465,True,3,0,1000000,2,bank
122,cycle,19465,19465,True,3,0,1000000,2,bank
122,cycle,41627,41627,True,3,0,1000000,2,bank
122,cycle,34945,34945,True,3,0,1000000,2,bank
122,cycle,42111,42111,True,3,0,1000000,2,bank
122,cycle,7011,7011,True,3,0,1000000,2,bank
122,cycle,1268,1268,True,3,0,1000000,2,bank
122,cycle,6078,6078,True,3,0,1000000,2,bank
123,cycle,2043,2043,True,3,0,1000000,2,bank
123,cycle,26449,26449,True,3,0,1000000,2,bank
123,cycle,33540,33540,True,3,0,1000000,2,bank
123,cycle,41427,41427,True,3,0,1000000,2,bank
123,cycle,46962,46962,True,3,0,1000000,2,bank
123,cycle,46519,46519,True,3,0,1000000,2,bank
124,cycle,11375,11375,True,3,0,1000000,2,bank
124,cycle,31922,31922,True,3,0,1000000,2,bank
124,cycle,17052,17052,True,3,0,1000000,2,bank
124,cycle,13297,13297,True,3,0,1000000,2,bank
124,cycle,24766,24766,True,3,0,1000000,2,bank
125,cycle,2572,2572,True,3,0,1000000,2,bank
125,cycle,9070,9070,True,3,0,1000000,2,bank
125,cycle,11018,11018,True,3,0,1000000,2,bank
125,cycle,49945,49945,True,3,0,1000000,2,bank
125,cycle,9415,9415,True,3,0,1000000,2,bank
125,cycle,26290,26290,True,3,0,1000000,2,bank
126,cycle,12008,12008,True,3,0,1000000,2,bank
126,cycle,42340,42340,True,3,0,1000000,2,bank
126,cycle,20465,20465,True,3,0,1000000,2,bank
126,cycle,265,265,True,3,0,1000000,2,bank
126,cycle,46443,46443,True,3,0,1000000,2,bank
126,cycle,17503,17503,True,3,0,1000000,2,bank
126,cycle,41118,41118,True,3,0,1000000,2,bank
126,cycle,9343,9343,True,3,0,1000000,2,bank
126,cycle,1655,1655,True,3,0,1000000,2,bank
126,cycle,11641,11641,True,3,0,1000000,2,bank
127,cycle,2464,2464,True,3,0,1000000,2,bank
127,cycle,4720,4720,True,3,0,1000000,2,bank
127,cycle,636,636,True,3,0,1000000,2,bank
127,cycle,20298,20298,True,3,0,1000000,2,bank
127,cycle,10515,10515,True,3,0,1000000,2,bank
127,cycle,11962,11962,True,3,0,1000000,2,bank
128,cycle,11568,11568,True,3,0,1000000,2,bank
128,cycle,34103,34103,True,3,0,1000000,2,bank
128,cycle,33964,33964,True,3,0,1000000,2,bank
128,cycle,6268,6268,True,3,0,1000000,2,bank
128,cycle,9007,9007,True,3,0,1000000,2,bank
128,cycle,17541,17541,True,3,0,1000000,2,bank
128,cycle,32242,32242,True,3,0,1000000,2,bank
128,cycle,28716,28716,True,3,0,1000000,2,bank
129,cycle,48,48,True,3,0,1000000,2,bank
129,cycle,4368,4368,True,3,0,1000000,2,bank
129,cycle,31753,31753,True,3,0,1000000,2,bank
129,cycle,26790,26790,True,3,0,1000000,2,bank
129,cycle,26428,26428,True,3,0,1000000,2,bank
129,cycle,24013,24013,True,3,0,1000000,2,bank
129,cycle,48038,48038,True,3,0,1000000,2,bank
129,cycle,20400,20400,True,3,0,1000000,2,bank
129,cycle,27320,27320,True,3,0,1000000,2,bank
130,cycle,11838,11838,True,3,0,1000000,2,bank
130,cycle,9237,9237,True,3,0,1000000,2,bank
130,cycle,46682,46682,True,3,0,1000000,2,bank
130,cycle,35576,35576,True,3,0,1000000,2,bank
130,cycle,43311,43311,True,3,0,1000000,2,bank
130,cycle,15908,15908,True,3,0,1000000,2,bank
130,cycle,9617,9617,True,3,0,1000000,2,bank
130,cycle,15086,15086,True,3,0,1000000,2,bank
130,cycle,23511,23511,True,3,0,1000000,2,bank
130,cycle,31549,31549,True,3,0,1000000,2,bank
131,cycle,1030,1030,True,3,0,1000000,2,bank
131,cycle,24482,24482,True,3,0,1000000,2,bank
131,cycle,48862,48862,True,3,0,1000000,2,bank
131,cycle,39895,39895,True,3,0,1000000,2,bank
131,cycle,19009,19009,True,3,0,1000000,2,bank
131,cycle,36690,36690,True,3,0,1000000,2,bank
131,cycle,13648,13648,True,3,0,1000000,2,bank
131,cycle,43302,43302,True,3,0,1000000,2,bank
131,cycle,7481,7481,True,3,0,1000000,2,bank
131,cycle,47364,47364,True,3,0,1000000,2,bank
132,cycle,11744,11744,True,3,0,1000000,2,bank
132,cycle,41571,41571,True,3,0,1000000,2,bank
132,cycle,23488,23488,True,3,0,1000000,2,bank
132,cycle,21459,21459,True,3,0,1000000,2,bank
132,cycle,20542,20542,True,3,0,1000000,2,bank
132,cycle,28504,28504,True,3,0,1000000,2,bank
132,cycle,48001,48001,True,3,0,1000000,2,bank
132,cycle,29437,29437,True,3,0,1000000,2,bank
133,cycle,759,759,True,3,0,1000000,2,bank
133,cycle,27759,27759,True,3,0,1000000,2,bank
133,cycle,36612,36612,True,3,0,1000000,2,bank
133,cycle,22380,22380,True,3,0,1000000,2,bank
133,cycle,34984,34984,True,3,0,1000000,2,bank
133,cycle,8595,8595,True,3,0,1000000,2,bank
133,cycle,32721,32721,True,3,0,1000000,2,bank
134,cycle,69,69,True,3,0,1000000,2,bank
134,cycle,8522,8522,True,3,0,1000000,2,bank
134,cycle,40389,40389,True,3,0,1000000,2,bank
134,cycle,21552,21552,True,3,0,1000000,2,bank
134,cycle,44665,44665,True,3,0,1000000,2,bank
134,cycle,16286,16286,True,3,0,1000000,2,bank
134,cycle,26219,26219,True,3,0,1000000,2,bank
134,cycle,34111,34111,True,3,0,1000000,2,bank
134,cycle,16670,16670,True,3,0,1000000,2,bank
135,cycle,625,625,True,3,0,1000000,2,bank
135,cycle,43248,43248,True,3,0,1000000,2,bank
135,cycle,27243,27243,True,3,0,1000000,2,bank
135,cycle,15823,15823,True,3,0,1000000,2,bank
135,cycle,37790,37790,True,3,0,1000000,2,bank
135,cycle,27423,27423,True,3,0,1000000,2,bank
135,cycle,29355,29355,True,3,0,1000000,2,bank
135,cycle,28371,28371,True,3,0,1000000,2,bank
135,cycle,13252,13252,True,3,0,1000000,2,bank
135,cycle,5658,5658,True,3,0,1000000,2,bank
136,cycle,4482,4482,True,3,0,1000000,2,bank
136,cycle,12449,12449,True,3,0,1000000,2,bank
136,cycle,36139,36139,True,3,0,1000000,2,bank
136,cycle,14121,14121,True,3,0,1000000,2,bank
136,cycle,1239,1239,True,3,0,1000000,2,bank
136,cycle,41368,41368,True,3,0,1000000,2,bank
136,cycle,45089,45089,True,3,0,1000000,2,bank
136,cycle,8562,8562,True,3,0,1000000,2,bank
136,cycle,9619,9619,True,3,0,1000000,2,bank
137,cycle,529,529,True,3,0,1000000,2,bank
137,cycle,21755,21755,True,3,0,1000000,2,bank
137,cycle,27021,27021,True,3,0,1000000,2,bank
137,cycle,14880,14880,True,3,0,1000000,2,bank
137,cycle,13304,13304,True,3,0,1000000,2,bank
138,cycle,685,685,True,3,0,1000000,2,bank
138,cycle,22346,22346,True,3,0,1000000,2,bank
138,cycle,15525,15525,True,3,0,1000000,2,bank
138,cycle,16023,16023,True,3,0,1000000,2,bank
138,cycle,28077,28077,True,3,0,1000000,2,bank
138,cycle,21941,21941,True,3,0,1000000,2,bank
139,cycle,12083,12083,True,3,0,1000000,2,bank
139,cycle,20386,20386,True,3,0,1000000,2,bank
139,cycle,42300,42300,True,3,0,1000000,2,bank
139,cycle,9729,9729,True,3,0,1000000,2,bank
139,cycle,9507,9507,True,3,0,1000000,2,bank
139,cycle,5872,5872,True,3,0,1000000,2,bank
139,cycle,46685,46685,True,3,0,1000000,2,bank
139,cycle,46288,46288,True,3,0,1000000,2,bank
139,cycle,30527,30527,True,3,0,1000000,2,bank
140,cycle,630,630,True,3,0,1000000,2,bank
140,cycle,9636,9636,True,3,0,1000000,2,bank
140,cycle,18443,18443,True,3,0,1000000,2,bank
140,cycle,17917,17917,True,3,0,1000000,2,bank
140,cycle,7040,7040,True,3,0,1000000,2,bank
140,cycle,43561,43561,True,3,0,1000000,2,bank
140,cycle,10274,10274,True,3,0,1000000,2,bank
140,cycle,39535,39535,True,3,0,1000000,2,bank
140,cycle,30334,30334,True,3,0,1000000,2,bank
140,cycle,47968,47968,True,3,0,1000000,2,bank
141,cycle,4328,4328,True,3,0,1000000,2,bank
141,cycle,44572,44572,True,3,0,1000000,2,bank
141,cycle,43700,43700,True,3,0,1000000,2,bank
141,cycle,43760,43760,True,3,0,1000000,2,bank
141,cycle,29201,29201,True,3,0,1000000,2,bank
141,cycle,11863,11863,True,3,0,1000000,2,bank
141,cycle,21387,21387,True,3,0,1000000,2,bank
141,cycle,27678,27678,True,3,0,1000000,2,bank
141,cycle,37828,37828,True,3,0,1000000,2,bank
141,cycle,18660,18660,True,3,0,1000000,2,bank
142,cycle,3488,3488,True,3,0,1000000,2,bank
142,cycle,27957,27957,True,3,0,1000000,2,bank
142,cycle,48829,48829,True,3,0,1000000,2,bank
142,cycle,41622,41622,True,3,0,1000000,2,bank
142,cycle,36786,36786,True,3,0,1000000,2,bank
